,0,1,2,3,4,5
0,#,Aliphatic group,Aromatic groups,Positively charged groups,Negatively charged groups,No charge group
1,0000000,0.407,0.037,0.296,0.074,0.185
2,0000001,0.296,0.0,0.296,0.259,0.148
3,0000002,0.333,0.037,0.222,0.074,0.333
4,0000003,0.37,0.037,0.222,0.185,0.185
5,0000004,0.37,0.111,0.222,0.0,0.296
6,0000005,0.519,0.0,0.296,0.0,0.185
7,0000006,0.222,0.074,0.407,0.111,0.185
8,0000007,0.444,0.0,0.333,0.074,0.148
9,0000008,0.37,0.185,0.333,0.0,0.111
10,0000009,0.407,0.037,0.222,0.111,0.222
11,00000010,0.37,0.0,0.185,0.185,0.259
12,00000011,0.333,0.037,0.111,0.185,0.333
13,00000012,0.407,0.037,0.259,0.037,0.259
14,00000013,0.407,0.037,0.185,0.259,0.111
15,00000014,0.185,0.0,0.222,0.037,0.556
16,00000015,0.37,0.0,0.222,0.185,0.222
17,00000016,0.222,0.037,0.481,0.259,0.0
18,00000017,0.222,0.074,0.407,0.148,0.148
19,00000018,0.259,0.037,0.333,0.296,0.074
20,00000019,0.222,0.037,0.407,0.074,0.259
21,00000020,0.37,0.037,0.296,0.148,0.148
22,00000021,0.37,0.037,0.148,0.185,0.259
23,00000022,0.259,0.037,0.185,0.037,0.481
24,00000023,0.37,0.185,0.111,0.111,0.222
25,00000024,0.296,0.037,0.259,0.148,0.259
26,00000025,0.37,0.037,0.185,0.111,0.296
27,00000026,0.259,0.037,0.296,0.148,0.259
28,00000027,0.148,0.0,0.185,0.185,0.481
29,00000028,0.37,0.037,0.222,0.111,0.259
30,00000029,0.556,0.0,0.222,0.037,0.185
31,00000030,0.296,0.074,0.148,0.111,0.37
32,00000031,0.296,0.074,0.259,0.222,0.148
33,00000032,0.407,0.111,0.222,0.074,0.185
34,00000033,0.148,0.037,0.296,0.222,0.296
35,00000034,0.222,0.037,0.259,0.222,0.259
36,00000035,0.296,0.037,0.185,0.222,0.259
37,00000036,0.222,0.0,0.296,0.259,0.222
38,00000037,0.185,0.074,0.148,0.296,0.296
39,00000038,0.259,0.0,0.148,0.185,0.407
40,00000039,0.185,0.0,0.481,0.185,0.148
41,00000040,0.37,0.037,0.296,0.111,0.185
42,00000041,0.185,0.111,0.407,0.111,0.185
43,00000042,0.37,0.0,0.185,0.222,0.222
44,00000043,0.407,0.0,0.222,0.111,0.259
45,00000044,0.37,0.0,0.222,0.259,0.148
46,00000045,0.259,0.037,0.259,0.185,0.259
47,00000046,0.333,0.037,0.259,0.148,0.222
48,00000047,0.259,0.111,0.185,0.074,0.37
49,00000048,0.37,0.074,0.259,0.0,0.296
50,00000049,0.296,0.111,0.333,0.074,0.185
51,00000050,0.111,0.074,0.296,0.185,0.333
52,00000051,0.444,0.074,0.148,0.074,0.259
53,00000052,0.296,0.148,0.222,0.185,0.148
54,00000053,0.296,0.0,0.185,0.074,0.444
55,00000054,0.148,0.0,0.444,0.185,0.222
56,00000055,0.259,0.0,0.259,0.185,0.296
57,00000056,0.296,0.074,0.185,0.222,0.222
58,00000057,0.444,0.037,0.111,0.111,0.296
59,00000058,0.333,0.0,0.296,0.111,0.259
60,00000059,0.37,0.074,0.185,0.185,0.185
61,00000060,0.37,0.074,0.222,0.222,0.111
62,00000061,0.333,0.111,0.185,0.185,0.185
63,00000062,0.519,0.148,0.111,0.111,0.111
64,00000063,0.333,0.0,0.333,0.185,0.148
65,00000064,0.296,0.111,0.259,0.111,0.222
66,00000065,0.556,0.037,0.185,0.037,0.185
67,00000066,0.556,0.037,0.222,0.037,0.148
68,00000067,0.37,0.111,0.111,0.074,0.333
69,00000068,0.185,0.111,0.259,0.148,0.296
70,00000069,0.481,0.037,0.222,0.148,0.111
71,00000070,0.333,0.111,0.259,0.111,0.185
72,00000071,0.407,0.111,0.222,0.111,0.148
73,00000072,0.333,0.0,0.222,0.259,0.185
74,00000073,0.481,0.037,0.222,0.0,0.259
75,00000074,0.333,0.037,0.148,0.259,0.222
76,00000075,0.37,0.037,0.259,0.111,0.222
77,00000076,0.481,0.0,0.185,0.185,0.148
78,00000077,0.407,0.111,0.222,0.074,0.185
79,00000078,0.37,0.0,0.37,0.148,0.111
80,00000079,0.148,0.0,0.296,0.111,0.444
81,00000080,0.222,0.111,0.222,0.148,0.296
82,00000081,0.519,0.0,0.259,0.037,0.185
83,00000082,0.407,0.074,0.111,0.111,0.296
84,00000083,0.407,0.074,0.111,0.148,0.259
85,00000084,0.407,0.037,0.185,0.185,0.185
86,00000085,0.222,0.0,0.37,0.222,0.185
87,00000086,0.407,0.037,0.222,0.148,0.185
88,00000087,0.407,0.074,0.148,0.074,0.296
89,00000088,0.296,0.037,0.333,0.074,0.259
90,00000089,0.407,0.0,0.333,0.037,0.222
91,00000090,0.333,0.0,0.444,0.0,0.222
92,00000091,0.296,0.037,0.296,0.0,0.37
93,00000092,0.37,0.0,0.296,0.074,0.259
94,00000093,0.222,0.037,0.407,0.037,0.296
95,00000094,0.296,0.074,0.296,0.074,0.259
96,00000095,0.519,0.111,0.148,0.111,0.111
97,00000096,0.222,0.037,0.37,0.222,0.148
98,00000097,0.259,0.148,0.296,0.074,0.222
99,00000098,0.407,0.037,0.259,0.111,0.185
100,00000099,0.296,0.148,0.185,0.074,0.296
101,000000100,0.37,0.037,0.259,0.037,0.296
102,000000101,0.074,0.074,0.259,0.074,0.519
103,000000102,0.222,0.111,0.296,0.148,0.222
104,000000103,0.333,0.037,0.259,0.148,0.222
105,000000104,0.296,0.037,0.148,0.222,0.296
106,000000105,0.407,0.037,0.259,0.148,0.148
107,000000106,0.37,0.0,0.185,0.222,0.222
108,000000107,0.296,0.037,0.259,0.185,0.222
109,000000108,0.333,0.185,0.222,0.185,0.074
110,000000109,0.259,0.111,0.259,0.111,0.259
111,000000110,0.259,0.111,0.296,0.037,0.296
112,000000111,0.481,0.0,0.111,0.037,0.37
113,000000112,0.259,0.0,0.259,0.333,0.148
114,000000113,0.259,0.0,0.296,0.148,0.296
115,000000114,0.37,0.037,0.111,0.037,0.444
116,000000115,0.407,0.111,0.111,0.148,0.222
117,000000116,0.481,0.111,0.185,0.074,0.148
118,000000117,0.296,0.037,0.222,0.037,0.407
119,000000118,0.259,0.0,0.185,0.222,0.333
120,000000119,0.333,0.0,0.222,0.222,0.222
121,000000120,0.333,0.074,0.222,0.185,0.185
122,000000121,0.296,0.148,0.222,0.148,0.185
123,000000122,0.222,0.111,0.222,0.185,0.259
124,000000123,0.444,0.0,0.185,0.148,0.222
125,000000124,0.333,0.111,0.148,0.111,0.296
126,000000125,0.407,0.037,0.259,0.222,0.074
127,000000126,0.444,0.037,0.222,0.148,0.148
128,000000127,0.37,0.074,0.148,0.185,0.222
129,000000128,0.37,0.074,0.185,0.111,0.259
130,000000129,0.407,0.037,0.259,0.111,0.185
131,000000130,0.296,0.074,0.222,0.074,0.333
132,000000131,0.444,0.0,0.148,0.222,0.185
133,000000132,0.222,0.037,0.259,0.185,0.296
134,000000133,0.185,0.0,0.333,0.296,0.185
135,000000134,0.259,0.037,0.519,0.074,0.111
136,000000135,0.259,0.037,0.259,0.148,0.296
137,000000136,0.222,0.111,0.333,0.111,0.222
138,000000137,0.222,0.0,0.333,0.037,0.407
139,000000138,0.296,0.037,0.296,0.111,0.259
140,000000139,0.444,0.074,0.148,0.148,0.185
141,000000140,0.222,0.0,0.444,0.259,0.074
142,000000141,0.519,0.0,0.148,0.0,0.333
143,000000142,0.444,0.0,0.222,0.185,0.148
144,000000143,0.333,0.111,0.111,0.185,0.259
145,000000144,0.259,0.037,0.259,0.185,0.259
146,000000145,0.556,0.0,0.074,0.074,0.296
147,000000146,0.222,0.0,0.185,0.222,0.37
148,000000147,0.185,0.0,0.333,0.111,0.37
149,000000148,0.37,0.037,0.185,0.148,0.259
150,000000149,0.296,0.148,0.185,0.074,0.296
151,000000150,0.296,0.037,0.333,0.074,0.259
152,000000151,0.333,0.0,0.333,0.148,0.185
153,000000152,0.296,0.0,0.222,0.148,0.333
154,000000153,0.444,0.074,0.185,0.111,0.185
155,000000154,0.407,0.037,0.148,0.037,0.37
156,000000155,0.519,0.0,0.185,0.074,0.222
157,000000156,0.333,0.037,0.222,0.037,0.37
158,000000157,0.37,0.074,0.259,0.111,0.185
159,000000158,0.333,0.074,0.185,0.111,0.296
160,000000159,0.185,0.074,0.259,0.296,0.185
161,000000160,0.185,0.074,0.222,0.185,0.333
162,000000161,0.296,0.037,0.222,0.259,0.185
163,000000162,0.296,0.0,0.296,0.111,0.296
164,000000163,0.333,0.037,0.296,0.259,0.074
165,000000164,0.444,0.074,0.148,0.074,0.259
166,000000165,0.296,0.0,0.185,0.111,0.407
167,000000166,0.333,0.0,0.148,0.037,0.481
168,000000167,0.148,0.0,0.333,0.0,0.519
169,000000168,0.444,0.037,0.222,0.185,0.111
170,000000169,0.185,0.0,0.444,0.148,0.222
171,000000170,0.444,0.0,0.296,0.148,0.111
172,000000171,0.444,0.0,0.259,0.037,0.259
173,000000172,0.444,0.037,0.222,0.0,0.296
174,000000173,0.37,0.111,0.259,0.148,0.111
175,000000174,0.333,0.037,0.222,0.037,0.37
176,000000175,0.556,0.0,0.222,0.037,0.185
177,000000176,0.444,0.074,0.222,0.148,0.111
178,000000177,0.259,0.111,0.148,0.259,0.222
179,000000178,0.333,0.037,0.407,0.037,0.185
180,000000179,0.407,0.074,0.259,0.074,0.185
181,000000180,0.407,0.037,0.407,0.074,0.074
182,000000181,0.296,0.037,0.222,0.111,0.333
183,000000182,0.222,0.148,0.333,0.074,0.222
184,000000183,0.556,0.0,0.185,0.148,0.111
185,000000184,0.407,0.074,0.222,0.074,0.222
186,000000185,0.37,0.037,0.222,0.148,0.222
187,000000186,0.259,0.0,0.296,0.333,0.111
188,000000187,0.296,0.037,0.185,0.037,0.444
189,000000188,0.222,0.0,0.333,0.037,0.407
190,000000189,0.481,0.037,0.185,0.074,0.222
191,000000190,0.37,0.074,0.148,0.111,0.296
192,000000191,0.37,0.148,0.148,0.111,0.222
193,000000192,0.259,0.0,0.222,0.222,0.296
194,000000193,0.481,0.037,0.259,0.111,0.111
195,000000194,0.259,0.074,0.259,0.037,0.37
196,000000195,0.667,0.0,0.222,0.0,0.111
197,000000196,0.63,0.037,0.111,0.0,0.222
198,000000197,0.37,0.074,0.148,0.111,0.296
199,000000198,0.259,0.074,0.222,0.222,0.222
200,000000199,0.259,0.111,0.333,0.074,0.222
201,000000200,0.37,0.074,0.222,0.148,0.185
202,000000201,0.407,0.037,0.259,0.185,0.111
203,000000202,0.296,0.037,0.296,0.148,0.222
204,000000203,0.333,0.074,0.185,0.222,0.185
205,000000204,0.222,0.0,0.37,0.111,0.296
206,000000205,0.222,0.037,0.333,0.111,0.296
207,000000206,0.185,0.037,0.519,0.074,0.185
208,000000207,0.444,0.0,0.259,0.185,0.111
209,000000208,0.333,0.0,0.222,0.111,0.333
210,000000209,0.259,0.037,0.222,0.222,0.259
211,000000210,0.333,0.0,0.333,0.074,0.259
212,000000211,0.333,0.0,0.222,0.222,0.222
213,000000212,0.407,0.074,0.222,0.222,0.074
214,000000213,0.296,0.037,0.074,0.148,0.444
215,000000214,0.296,0.074,0.222,0.148,0.259
216,000000215,0.333,0.074,0.259,0.148,0.185
217,000000216,0.333,0.0,0.222,0.185,0.259
218,000000217,0.259,0.037,0.259,0.111,0.333
219,000000218,0.37,0.074,0.259,0.074,0.222
220,000000219,0.111,0.0,0.37,0.037,0.481
221,000000220,0.444,0.074,0.222,0.111,0.148
222,000000221,0.519,0.037,0.185,0.074,0.185
223,000000222,0.519,0.037,0.185,0.111,0.148
224,000000223,0.37,0.037,0.259,0.148,0.185
225,000000224,0.519,0.037,0.222,0.074,0.148
226,000000225,0.333,0.037,0.148,0.074,0.407
227,000000226,0.407,0.185,0.148,0.037,0.222
228,000000227,0.296,0.074,0.222,0.111,0.296
229,000000228,0.333,0.074,0.333,0.037,0.222
230,000000229,0.37,0.111,0.148,0.111,0.259
231,000000230,0.259,0.037,0.259,0.148,0.259
232,000000231,0.37,0.074,0.185,0.222,0.148
233,000000232,0.407,0.037,0.185,0.037,0.333
234,000000233,0.444,0.111,0.111,0.111,0.222
235,000000234,0.407,0.111,0.222,0.222,0.037
236,000000235,0.296,0.0,0.296,0.037,0.37
237,000000236,0.296,0.074,0.222,0.185,0.222
238,000000237,0.407,0.074,0.259,0.148,0.111
239,000000238,0.481,0.037,0.111,0.0,0.37
240,000000239,0.444,0.074,0.074,0.259,0.148
241,000000240,0.296,0.037,0.222,0.185,0.259
242,000000241,0.333,0.037,0.259,0.185,0.185
243,000000242,0.222,0.037,0.444,0.0,0.296
244,000000243,0.296,0.0,0.148,0.259,0.296
245,000000244,0.259,0.111,0.111,0.148,0.37
246,000000245,0.296,0.074,0.185,0.111,0.333
247,000000246,0.259,0.111,0.185,0.074,0.37
248,000000247,0.481,0.037,0.222,0.148,0.111
249,000000248,0.37,0.037,0.222,0.111,0.259
250,000000249,0.296,0.185,0.185,0.222,0.111
251,000000250,0.185,0.148,0.259,0.222,0.185
252,000000251,0.407,0.037,0.185,0.074,0.296
253,000000252,0.259,0.074,0.222,0.111,0.333
254,000000253,0.407,0.148,0.074,0.148,0.222
255,000000254,0.333,0.148,0.185,0.074,0.259
256,000000255,0.333,0.074,0.222,0.037,0.333
257,000000256,0.259,0.148,0.259,0.111,0.222
258,000000257,0.296,0.074,0.222,0.148,0.259
259,000000258,0.296,0.111,0.111,0.148,0.333
260,000000259,0.222,0.074,0.185,0.111,0.407
261,000000260,0.333,0.074,0.185,0.222,0.185
262,000000261,0.333,0.0,0.333,0.074,0.259
263,000000262,0.296,0.111,0.185,0.111,0.296
264,000000263,0.407,0.037,0.259,0.037,0.259
265,000000264,0.296,0.037,0.37,0.111,0.185
266,000000265,0.111,0.0,0.296,0.111,0.481
267,000000266,0.444,0.037,0.222,0.111,0.185
268,000000267,0.333,0.111,0.185,0.111,0.259
269,000000268,0.481,0.037,0.037,0.259,0.185
270,000000269,0.296,0.111,0.111,0.148,0.333
271,000000270,0.444,0.037,0.148,0.111,0.259
272,000000271,0.37,0.0,0.148,0.222,0.259
273,000000272,0.185,0.222,0.259,0.222,0.111
274,000000273,0.481,0.037,0.222,0.111,0.148
275,000000274,0.37,0.0,0.259,0.222,0.148
276,000000275,0.296,0.111,0.222,0.148,0.222
277,000000276,0.333,0.074,0.148,0.185,0.259
278,000000277,0.407,0.037,0.185,0.074,0.296
279,000000278,0.333,0.0,0.222,0.222,0.222
280,000000279,0.407,0.037,0.259,0.148,0.148
281,000000280,0.333,0.185,0.148,0.148,0.185
282,000000281,0.333,0.074,0.185,0.111,0.296
283,000000282,0.333,0.0,0.148,0.148,0.37
284,000000283,0.407,0.0,0.185,0.259,0.148
285,000000284,0.296,0.111,0.185,0.148,0.259
286,000000285,0.259,0.148,0.259,0.074,0.259
287,000000286,0.37,0.0,0.148,0.0,0.481
288,000000287,0.148,0.037,0.222,0.074,0.519
289,000000288,0.333,0.037,0.222,0.111,0.296
290,000000289,0.37,0.0,0.148,0.148,0.333
291,000000290,0.37,0.111,0.148,0.111,0.259
292,000000291,0.407,0.111,0.111,0.037,0.333
293,000000292,0.481,0.037,0.222,0.074,0.185
294,000000293,0.333,0.074,0.148,0.185,0.259
295,000000294,0.148,0.0,0.37,0.222,0.259
296,000000295,0.37,0.074,0.185,0.111,0.259
297,000000296,0.259,0.074,0.074,0.185,0.407
298,000000297,0.37,0.037,0.111,0.259,0.222
299,000000298,0.407,0.148,0.296,0.037,0.111
300,000000299,0.333,0.074,0.185,0.111,0.296
301,000000300,0.37,0.0,0.222,0.148,0.259
302,000000301,0.111,0.074,0.111,0.0,0.704
303,000000302,0.333,0.074,0.111,0.074,0.407
304,000000303,0.333,0.148,0.148,0.296,0.074
305,000000304,0.444,0.037,0.148,0.111,0.259
306,000000305,0.333,0.074,0.111,0.185,0.296
307,000000306,0.259,0.185,0.148,0.074,0.333
308,000000307,0.407,0.074,0.222,0.0,0.296
309,000000308,0.37,0.148,0.074,0.185,0.222
310,000000309,0.481,0.074,0.37,0.074,0.0
311,000000310,0.37,0.148,0.185,0.074,0.222
312,000000311,0.222,0.074,0.259,0.222,0.222
313,000000312,0.296,0.037,0.259,0.259,0.148
314,000000313,0.444,0.111,0.111,0.074,0.259
315,000000314,0.407,0.074,0.185,0.074,0.259
316,000000315,0.259,0.111,0.222,0.148,0.259
317,000000316,0.407,0.037,0.148,0.074,0.333
318,000000317,0.37,0.074,0.111,0.222,0.222
319,000000318,0.407,0.074,0.111,0.185,0.222
320,000000319,0.296,0.111,0.111,0.111,0.37
321,000000320,0.148,0.0,0.296,0.296,0.259
322,000000321,0.407,0.074,0.185,0.111,0.222
323,000000322,0.148,0.0,0.111,0.148,0.593
324,000000323,0.259,0.074,0.222,0.148,0.296
325,000000324,0.074,0.0,0.481,0.222,0.222
326,000000325,0.259,0.222,0.074,0.111,0.333
327,000000326,0.296,0.037,0.185,0.074,0.407
328,000000327,0.444,0.111,0.259,0.074,0.111
329,000000328,0.185,0.148,0.074,0.111,0.481
330,000000329,0.222,0.074,0.074,0.333,0.296
331,000000330,0.222,0.037,0.259,0.148,0.333
332,000000331,0.296,0.111,0.148,0.148,0.296
333,000000332,0.444,0.111,0.148,0.185,0.111
334,000000333,0.444,0.074,0.148,0.148,0.185
335,000000334,0.296,0.0,0.333,0.111,0.259
336,000000335,0.37,0.185,0.074,0.148,0.222
337,000000336,0.259,0.0,0.222,0.111,0.407
338,000000337,0.222,0.037,0.185,0.148,0.407
339,000000338,0.296,0.111,0.111,0.222,0.259
340,000000339,0.37,0.074,0.222,0.037,0.296
341,000000340,0.296,0.111,0.185,0.111,0.296
342,000000341,0.556,0.0,0.148,0.111,0.185
343,000000342,0.407,0.148,0.111,0.111,0.222
344,000000343,0.222,0.074,0.185,0.148,0.37
345,000000344,0.222,0.0,0.259,0.037,0.481
346,000000345,0.296,0.148,0.259,0.037,0.259
347,000000346,0.333,0.148,0.185,0.037,0.296
348,000000347,0.593,0.0,0.111,0.185,0.111
349,000000348,0.296,0.074,0.222,0.148,0.259
350,000000349,0.296,0.037,0.148,0.074,0.037
351,000000350,0.481,0.074,0.074,0.074,0.296
352,000000351,0.481,0.074,0.111,0.074,0.259
353,000000352,0.481,0.0,0.222,0.074,0.222
354,000000353,0.407,0.074,0.148,0.074,0.296
355,000000354,0.481,0.0,0.074,0.0,0.444
356,000000355,0.333,0.148,0.111,0.185,0.222
357,000000356,0.37,0.037,0.037,0.111,0.444
358,000000357,0.222,0.111,0.185,0.148,0.333
359,000000358,0.222,0.111,0.333,0.111,0.222
360,000000359,0.259,0.0,0.074,0.37,0.296
361,000000360,0.333,0.074,0.111,0.111,0.37
362,000000361,0.407,0.0,0.185,0.185,0.222
363,000000362,0.296,0.037,0.259,0.111,0.296
364,000000363,0.333,0.111,0.111,0.074,0.37
365,000000364,0.185,0.074,0.148,0.111,0.481
366,000000365,0.481,0.111,0.148,0.037,0.222
367,000000366,0.333,0.0,0.037,0.222,0.407
368,000000367,0.407,0.037,0.185,0.185,0.185
369,000000368,0.37,0.074,0.259,0.148,0.148
370,000000369,0.407,0.074,0.148,0.074,0.296
371,000000370,0.259,0.111,0.148,0.074,0.407
372,000000371,0.333,0.037,0.259,0.148,0.222
373,000000372,0.37,0.037,0.259,0.185,0.148
374,000000373,0.444,0.037,0.074,0.296,0.148
375,000000374,0.37,0.074,0.037,0.259,0.259
376,000000375,0.407,0.037,0.148,0.111,0.296
377,000000376,0.222,0.0,0.222,0.148,0.407
378,000000377,0.333,0.111,0.222,0.037,0.296
379,000000378,0.296,0.0,0.259,0.074,0.37
380,000000379,0.296,0.0,0.296,0.111,0.296
381,000000380,0.333,0.0,0.185,0.074,0.407
382,000000381,0.185,0.074,0.222,0.185,0.333
383,000000382,0.593,0.037,0.148,0.037,0.185
384,000000383,0.259,0.148,0.185,0.037,0.37
385,000000384,0.37,0.037,0.185,0.037,0.37
386,000000385,0.407,0.0,0.333,0.037,0.222
387,000000386,0.481,0.037,0.111,0.111,0.259
388,000000387,0.259,0.111,0.111,0.222,0.296
389,000000388,0.296,0.0,0.222,0.259,0.222
390,000000389,0.37,0.037,0.185,0.222,0.185
391,000000390,0.259,0.037,0.185,0.148,0.37
392,000000391,0.444,0.0,0.148,0.074,0.333
393,000000392,0.222,0.074,0.148,0.111,0.444
394,000000393,0.333,0.148,0.111,0.148,0.259
395,000000394,0.333,0.037,0.222,0.074,0.333
396,000000395,0.407,0.074,0.148,0.037,0.333
397,000000396,0.407,0.037,0.148,0.185,0.222
398,000000397,0.407,0.111,0.185,0.0,0.296
399,000000398,0.407,0.037,0.111,0.259,0.185
400,000000399,0.37,0.074,0.222,0.074,0.259
401,000000400,0.296,0.185,0.148,0.074,0.296
402,000000401,0.296,0.037,0.111,0.148,0.407
403,000000402,0.259,0.037,0.296,0.222,0.185
404,000000403,0.333,0.185,0.148,0.111,0.222
405,000000404,0.333,0.074,0.148,0.185,0.259
406,000000405,0.333,0.0,0.222,0.296,0.148
407,000000406,0.296,0.037,0.259,0.259,0.148
408,000000407,0.407,0.074,0.148,0.037,0.333
409,000000408,0.259,0.0,0.185,0.296,0.259
410,000000409,0.37,0.074,0.222,0.185,0.148
411,000000410,0.185,0.111,0.185,0.074,0.444
412,000000411,0.37,0.037,0.185,0.148,0.259
413,000000412,0.444,0.037,0.111,0.074,0.333
414,000000413,0.259,0.0,0.185,0.111,0.444
415,000000414,0.444,0.0,0.111,0.222,0.222
416,000000415,0.407,0.111,0.185,0.185,0.111
417,000000416,0.407,0.074,0.074,0.148,0.296
418,000000417,0.185,0.0,0.148,0.148,0.519
419,000000418,0.407,0.037,0.111,0.111,0.333
420,000000419,0.333,0.185,0.037,0.111,0.333
421,000000420,0.259,0.037,0.185,0.259,0.259
422,000000421,0.444,0.0,0.037,0.074,0.444
423,000000422,0.37,0.037,0.148,0.185,0.259
424,000000423,0.407,0.037,0.074,0.148,0.333
425,000000424,0.222,0.074,0.259,0.185,0.259
426,000000425,0.444,0.074,0.111,0.037,0.333
427,000000426,0.296,0.074,0.185,0.111,0.333
428,000000427,0.296,0.074,0.222,0.037,0.37
429,000000428,0.259,0.148,0.222,0.148,0.222
430,000000429,0.407,0.0,0.111,0.111,0.37
431,000000430,0.407,0.0,0.222,0.074,0.296
432,000000431,0.333,0.074,0.111,0.185,0.296
433,000000432,0.185,0.0,0.296,0.148,0.37
434,000000433,0.333,0.148,0.111,0.148,0.259
435,000000434,0.222,0.074,0.222,0.074,0.407
436,000000435,0.519,0.037,0.037,0.148,0.259
437,000000436,0.481,0.0,0.148,0.074,0.296
438,000000437,0.37,0.0,0.259,0.185,0.185
439,000000438,0.111,0.037,0.222,0.074,0.222
440,000000439,0.481,0.111,0.074,0.185,0.148
441,000000440,0.185,0.0,0.222,0.222,0.37
442,000000441,0.407,0.0,0.185,0.111,0.296
443,000000442,0.296,0.037,0.074,0.185,0.407
444,000000443,0.37,0.0,0.259,0.037,0.333
445,000000444,0.37,0.0,0.111,0.111,0.407
446,000000445,0.407,0.0,0.185,0.111,0.296
447,000000446,0.185,0.037,0.074,0.037,0.222
448,000000447,0.444,0.037,0.222,0.074,0.222
449,000000448,0.444,0.037,0.185,0.111,0.222
450,000000449,0.222,0.259,0.185,0.111,0.222
451,000000450,0.407,0.111,0.222,0.0,0.259
452,000000451,0.37,0.111,0.148,0.148,0.222
453,000000452,0.333,0.037,0.222,0.148,0.259
454,000000453,0.444,0.074,0.148,0.074,0.259
455,000000454,0.333,0.074,0.185,0.296,0.111
456,000000455,0.296,0.037,0.037,0.074,0.556
457,000000456,0.407,0.074,0.222,0.111,0.185
458,000000457,0.333,0.148,0.148,0.111,0.259
459,000000458,0.222,0.111,0.222,0.185,0.259
460,000000459,0.333,0.074,0.333,0.037,0.222
461,000000460,0.333,0.0,0.148,0.074,0.333
462,000000461,0.37,0.148,0.074,0.185,0.222
463,000000462,0.37,0.074,0.185,0.185,0.185
464,000000463,0.296,0.111,0.074,0.037,0.481
465,000000464,0.222,0.111,0.259,0.111,0.296
466,000000465,0.333,0.074,0.185,0.185,0.222
467,000000466,0.37,0.0,0.185,0.074,0.37
468,000000467,0.259,0.074,0.148,0.185,0.333
469,000000468,0.444,0.0,0.222,0.222,0.111
470,000000469,0.407,0.0,0.111,0.185,0.296
471,000000470,0.333,0.037,0.222,0.111,0.296
472,000000471,0.63,0.074,0.037,0.074,0.185
473,000000472,0.333,0.148,0.111,0.111,0.296
474,000000473,0.444,0.074,0.148,0.111,0.222
475,000000474,0.259,0.111,0.148,0.148,0.333
476,000000475,0.481,0.074,0.111,0.185,0.148
477,000000476,0.37,0.074,0.148,0.111,0.296
478,000000477,0.333,0.111,0.222,0.148,0.185
479,000000478,0.407,0.0,0.222,0.185,0.185
480,000000479,0.37,0.037,0.148,0.185,0.259
481,000000480,0.444,0.074,0.074,0.185,0.222
482,000000481,0.333,0.074,0.185,0.111,0.296
483,000000482,0.37,0.037,0.074,0.148,0.37
484,000000483,0.444,0.037,0.074,0.074,0.37
485,000000484,0.333,0.111,0.148,0.148,0.259
486,000000485,0.222,0.0,0.111,0.185,0.481
487,000000486,0.407,0.037,0.148,0.111,0.296
488,000000487,0.444,0.0,0.074,0.0,0.481
489,000000488,0.333,0.0,0.074,0.296,0.296
490,000000489,0.444,0.0,0.074,0.148,0.333
491,000000490,0.37,0.037,0.074,0.0,0.519
492,000000491,0.37,0.074,0.111,0.074,0.37
493,000000492,0.37,0.037,0.148,0.037,0.407
494,000000493,0.259,0.074,0.185,0.148,0.333
495,000000494,0.333,0.037,0.185,0.185,0.259
496,000000495,0.185,0.074,0.111,0.259,0.37
497,000000496,0.333,0.074,0.111,0.148,0.333
498,000000497,0.259,0.037,0.222,0.074,0.407
499,000000498,0.407,0.037,0.222,0.074,0.259
500,000000499,0.185,0.0,0.148,0.148,0.519
501,000000500,0.222,0.111,0.111,0.148,0.407
502,000000501,0.407,0.074,0.148,0.111,0.259
503,000000502,0.296,0.111,0.259,0.222,0.111
504,000000503,0.519,0.037,0.148,0.037,0.259
505,000000504,0.333,0.074,0.222,0.185,0.185
506,000000505,0.222,0.148,0.185,0.148,0.296
507,000000506,0.407,0.074,0.185,0.074,0.259
508,000000507,0.444,0.074,0.148,0.148,0.185
509,000000508,0.333,0.074,0.111,0.185,0.296
510,000000509,0.296,0.148,0.185,0.148,0.222
511,000000510,0.481,0.037,0.148,0.111,0.222
512,000000511,0.37,0.185,0.222,0.037,0.185
513,000000512,0.481,0.037,0.037,0.185,0.259
514,000000513,0.333,0.074,0.222,0.185,0.185
515,000000514,0.407,0.111,0.185,0.111,0.185
516,000000515,0.333,0.111,0.074,0.148,0.333
517,000000516,0.37,0.037,0.148,0.185,0.259
518,000000517,0.259,0.0,0.222,0.111,0.407
519,000000518,0.37,0.074,0.148,0.074,0.333
520,000000519,0.222,0.037,0.222,0.222,0.296
521,000000520,0.407,0.074,0.148,0.074,0.296
522,000000521,0.407,0.148,0.259,0.037,0.148
523,000000522,0.148,0.0,0.444,0.296,0.111
524,000000523,0.333,0.074,0.111,0.074,0.407
525,000000524,0.296,0.111,0.296,0.111,0.185
526,000000525,0.37,0.074,0.111,0.148,0.296
527,000000526,0.407,0.074,0.222,0.148,0.148
528,000000527,0.259,0.074,0.222,0.074,0.37
529,000000528,0.593,0.0,0.148,0.0,0.259
530,000000529,0.481,0.0,0.148,0.074,0.296
531,000000530,0.407,0.037,0.074,0.111,0.37
532,000000531,0.407,0.148,0.222,0.0,0.222
533,000000532,0.407,0.074,0.185,0.185,0.148
534,000000533,0.185,0.074,0.37,0.148,0.222
535,000000534,0.37,0.074,0.074,0.074,0.407
536,000000535,0.333,0.037,0.185,0.111,0.333
537,000000536,0.481,0.074,0.185,0.111,0.148
538,000000537,0.185,0.0,0.185,0.037,0.593
539,000000538,0.37,0.111,0.111,0.074,0.333
540,000000539,0.407,0.037,0.074,0.074,0.407
541,000000540,0.444,0.074,0.185,0.074,0.222
542,000000541,0.444,0.111,0.111,0.037,0.296
543,000000542,0.296,0.111,0.148,0.111,0.333
544,000000543,0.296,0.037,0.111,0.148,0.407
545,000000544,0.259,0.148,0.222,0.0,0.37
546,000000545,0.296,0.185,0.185,0.111,0.222
547,000000546,0.37,0.074,0.296,0.074,0.185
548,000000547,0.333,0.074,0.222,0.222,0.148
549,000000548,0.444,0.074,0.259,0.074,0.148
550,000000549,0.333,0.074,0.111,0.111,0.37
551,000000550,0.333,0.037,0.148,0.259,0.222
552,000000551,0.333,0.037,0.111,0.111,0.407
553,000000552,0.37,0.037,0.148,0.148,0.296
554,000000553,0.37,0.0,0.148,0.185,0.296
555,000000554,0.333,0.0,0.259,0.074,0.0
556,000000555,0.37,0.037,0.111,0.222,0.259
557,000000556,0.296,0.074,0.111,0.185,0.333
558,000000557,0.333,0.111,0.222,0.148,0.185
559,000000558,0.074,0.037,0.259,0.111,0.519
560,000000559,0.333,0.037,0.222,0.111,0.296
561,000000560,0.333,0.074,0.222,0.185,0.185
562,000000561,0.407,0.0,0.074,0.111,0.407
563,000000562,0.259,0.111,0.185,0.111,0.333
564,000000563,0.333,0.037,0.111,0.111,0.407
565,000000564,0.259,0.074,0.259,0.148,0.259
566,000000565,0.259,0.111,0.148,0.148,0.333
567,000000566,0.407,0.074,0.185,0.074,0.259
568,000000567,0.333,0.037,0.222,0.185,0.222
569,000000568,0.074,0.074,0.185,0.296,0.37
570,000000569,0.222,0.074,0.222,0.222,0.259
571,000000570,0.296,0.0,0.185,0.111,0.407
572,000000571,0.37,0.0,0.185,0.148,0.296
573,000000572,0.333,0.185,0.148,0.037,0.296
574,000000573,0.222,0.074,0.185,0.111,0.407
575,000000574,0.333,0.111,0.148,0.185,0.222
576,000000575,0.296,0.037,0.148,0.222,0.296
577,000000576,0.444,0.074,0.148,0.148,0.185
578,000000577,0.407,0.148,0.222,0.148,0.074
579,000000578,0.481,0.074,0.148,0.074,0.222
580,000000579,0.333,0.111,0.148,0.185,0.222
581,000000580,0.296,0.074,0.037,0.148,0.444
582,000000581,0.407,0.037,0.111,0.185,0.259
583,000000582,0.222,0.037,0.185,0.148,0.407
584,000000583,0.37,0.0,0.111,0.148,0.37
585,000000584,0.407,0.037,0.185,0.148,0.222
586,000000585,0.444,0.074,0.185,0.111,0.185
587,000000586,0.444,0.037,0.111,0.148,0.259
588,000000587,0.148,0.185,0.111,0.259,0.296
589,000000588,0.407,0.074,0.111,0.037,0.37
590,000000589,0.37,0.0,0.185,0.185,0.259
591,000000590,0.296,0.111,0.074,0.037,0.481
592,000000591,0.185,0.074,0.296,0.148,0.296
593,000000592,0.407,0.074,0.185,0.148,0.185
594,000000593,0.259,0.037,0.222,0.148,0.333
595,000000594,0.185,0.148,0.222,0.074,0.37
596,000000595,0.407,0.0,0.111,0.222,0.259
597,000000596,0.222,0.0,0.37,0.222,0.185
598,000000597,0.444,0.037,0.111,0.074,0.333
599,000000598,0.333,0.074,0.259,0.296,0.037
600,000000599,0.37,0.0,0.148,0.222,0.259
601,000000600,0.259,0.037,0.333,0.185,0.185
602,000000601,0.222,0.074,0.148,0.222,0.333
603,000000602,0.37,0.0,0.074,0.222,0.333
604,000000603,0.407,0.074,0.333,0.111,0.074
605,000000604,0.481,0.148,0.148,0.037,0.185
606,000000605,0.296,0.037,0.185,0.074,0.407
607,000000606,0.296,0.037,0.148,0.111,0.407
608,000000607,0.407,0.037,0.148,0.037,0.37
609,000000608,0.481,0.148,0.148,0.037,0.185
610,000000609,0.407,0.111,0.111,0.111,0.259
611,000000610,0.296,0.074,0.259,0.148,0.222
612,000000611,0.593,0.074,0.111,0.037,0.185
613,000000612,0.222,0.037,0.296,0.148,0.296
614,000000613,0.333,0.037,0.148,0.074,0.407
615,000000614,0.259,0.037,0.185,0.148,0.37
616,000000615,0.296,0.111,0.148,0.185,0.259
617,000000616,0.148,0.074,0.296,0.222,0.259
618,000000617,0.185,0.111,0.259,0.0,0.444
619,000000618,0.296,0.0,0.185,0.185,0.333
620,000000619,0.37,0.074,0.111,0.111,0.333
621,000000620,0.444,0.074,0.111,0.111,0.259
622,000000621,0.519,0.0,0.148,0.074,0.259
623,000000622,0.333,0.111,0.259,0.074,0.222
624,000000623,0.407,0.111,0.185,0.148,0.148
625,000000624,0.185,0.037,0.444,0.074,0.259
626,000000625,0.444,0.148,0.074,0.0,0.333
627,000000626,0.296,0.074,0.074,0.074,0.481
628,000000627,0.222,0.0,0.296,0.259,0.222
629,000000628,0.296,0.111,0.259,0.074,0.259
630,000000629,0.481,0.037,0.185,0.111,0.185
631,000000630,0.333,0.111,0.111,0.148,0.296
632,000000631,0.333,0.074,0.148,0.111,0.333
633,000000632,0.259,0.222,0.148,0.148,0.222
634,000000633,0.37,0.185,0.074,0.074,0.296
635,000000634,0.148,0.037,0.333,0.185,0.296
636,000000635,0.519,0.148,0.111,0.074,0.148
637,000000636,0.222,0.0,0.407,0.185,0.185
638,000000637,0.333,0.148,0.222,0.037,0.259
639,000000638,0.148,0.074,0.222,0.296,0.259
640,000000639,0.296,0.074,0.185,0.185,0.259
641,000000640,0.444,0.148,0.148,0.074,0.185
642,000000641,0.407,0.037,0.148,0.148,0.259
643,000000642,0.333,0.185,0.148,0.222,0.111
644,000000643,0.296,0.037,0.111,0.185,0.37
645,000000644,0.333,0.0,0.185,0.296,0.185
646,000000645,0.519,0.037,0.074,0.111,0.259
647,000000646,0.259,0.0,0.148,0.111,0.481
648,000000647,0.37,0.037,0.148,0.222,0.222
649,000000648,0.333,0.074,0.074,0.148,0.37
650,000000649,0.148,0.0,0.37,0.037,0.444
651,000000650,0.333,0.074,0.148,0.222,0.222
652,000000651,0.37,0.037,0.148,0.222,0.222
653,000000652,0.259,0.074,0.185,0.111,0.37
654,000000653,0.296,0.074,0.111,0.148,0.37
655,000000654,0.37,0.037,0.185,0.222,0.185
656,000000655,0.37,0.037,0.111,0.185,0.296
657,000000656,0.259,0.074,0.111,0.0,0.074
658,000000657,0.333,0.111,0.259,0.037,0.259
659,000000658,0.259,0.0,0.185,0.222,0.333
660,000000659,0.519,0.037,0.111,0.037,0.296
661,000000660,0.333,0.111,0.148,0.185,0.222
662,000000661,0.259,0.148,0.222,0.148,0.222
663,000000662,0.333,0.037,0.148,0.074,0.407
664,000000663,0.259,0.074,0.333,0.111,0.222
665,000000664,0.37,0.0,0.111,0.148,0.37
666,000000665,0.111,0.111,0.259,0.148,0.37
667,000000666,0.407,0.0,0.074,0.111,0.407
668,000000667,0.407,0.0,0.222,0.185,0.185
669,000000668,0.296,0.111,0.148,0.185,0.259
670,000000669,0.259,0.0,0.185,0.185,0.37
671,000000670,0.444,0.0,0.074,0.185,0.296
672,000000671,0.333,0.0,0.074,0.259,0.333
673,000000672,0.222,0.037,0.259,0.333,0.148
674,000000673,0.407,0.0,0.111,0.222,0.259
675,000000674,0.296,0.037,0.259,0.148,0.259
676,000000675,0.222,0.148,0.148,0.259,0.222
677,000000676,0.222,0.037,0.37,0.259,0.111
678,000000677,0.185,0.037,0.111,0.148,0.185
679,000000678,0.37,0.074,0.037,0.148,0.37
680,000000679,0.37,0.037,0.185,0.111,0.296
681,000000680,0.296,0.148,0.148,0.111,0.296
682,000000681,0.333,0.0,0.37,0.111,0.185
683,000000682,0.407,0.037,0.185,0.111,0.259
684,000000683,0.407,0.0,0.185,0.148,0.259
685,000000684,0.37,0.037,0.259,0.037,0.296
686,000000685,0.333,0.037,0.148,0.074,0.407
687,000000686,0.259,0.074,0.111,0.074,0.481
688,000000687,0.37,0.0,0.222,0.296,0.111
689,000000688,0.333,0.148,0.185,0.111,0.222
690,000000689,0.259,0.037,0.185,0.185,0.333
691,000000690,0.333,0.037,0.074,0.296,0.259
692,000000691,0.222,0.074,0.148,0.185,0.37
693,000000692,0.222,0.037,0.222,0.074,0.444
694,000000693,0.444,0.111,0.148,0.074,0.222
695,000000694,0.222,0.037,0.111,0.037,0.593
696,000000695,0.407,0.037,0.111,0.037,0.407
697,000000696,0.222,0.074,0.37,0.037,0.296
698,000000697,0.37,0.074,0.185,0.037,0.333
699,000000698,0.296,0.074,0.185,0.148,0.296
700,000000699,0.407,0.0,0.074,0.0,0.519
701,000000700,0.37,0.074,0.185,0.074,0.296
702,000000701,0.407,0.0,0.185,0.185,0.222
703,000000702,0.556,0.037,0.074,0.111,0.222
704,000000703,0.296,0.0,0.148,0.148,0.407
705,000000704,0.37,0.111,0.259,0.074,0.185
706,000000705,0.222,0.148,0.111,0.222,0.185
707,000000706,0.222,0.148,0.296,0.111,0.222
708,000000707,0.37,0.0,0.148,0.185,0.296
709,000000708,0.333,0.111,0.185,0.111,0.259
710,000000709,0.296,0.0,0.185,0.185,0.333
711,000000710,0.333,0.037,0.148,0.222,0.259
712,000000711,0.185,0.296,0.185,0.111,0.222
713,000000712,0.37,0.074,0.074,0.111,0.37
714,000000713,0.519,0.037,0.037,0.0,0.407
715,000000714,0.333,0.037,0.185,0.259,0.185
716,000000715,0.185,0.0,0.259,0.148,0.407
717,000000716,0.519,0.0,0.148,0.148,0.185
718,000000717,0.222,0.074,0.185,0.111,0.407
719,000000718,0.148,0.037,0.148,0.185,0.111
720,000000719,0.296,0.037,0.111,0.296,0.259
721,000000720,0.407,0.074,0.148,0.222,0.148
722,000000721,0.333,0.148,0.222,0.074,0.222
723,000000722,0.444,0.037,0.074,0.074,0.37
724,000000723,0.444,0.074,0.111,0.037,0.333
725,000000724,0.37,0.148,0.111,0.111,0.259
726,000000725,0.444,0.0,0.111,0.333,0.111
727,000000726,0.259,0.074,0.185,0.185,0.296
728,000000727,0.407,0.037,0.111,0.222,0.222
729,000000728,0.407,0.037,0.296,0.0,0.259
730,000000729,0.407,0.074,0.074,0.074,0.37
731,000000730,0.259,0.0,0.148,0.148,0.444
732,000000731,0.333,0.074,0.111,0.111,0.222
733,000000732,0.296,0.111,0.259,0.074,0.259
734,000000733,0.37,0.037,0.148,0.148,0.296
735,000000734,0.074,0.111,0.111,0.185,0.519
736,000000735,0.296,0.037,0.148,0.148,0.37
737,000000736,0.259,0.074,0.111,0.185,0.37
738,000000737,0.185,0.037,0.333,0.111,0.333
739,000000738,0.444,0.0,0.148,0.148,0.259
740,000000739,0.222,0.074,0.111,0.296,0.296
741,000000740,0.333,0.0,0.148,0.185,0.333
742,000000741,0.37,0.148,0.222,0.037,0.222
743,000000742,0.296,0.111,0.185,0.185,0.222
744,000000743,0.296,0.148,0.074,0.111,0.37
745,000000744,0.37,0.111,0.185,0.074,0.259
746,000000745,0.444,0.111,0.148,0.074,0.222
747,000000746,0.296,0.037,0.148,0.111,0.407
748,000000747,0.407,0.037,0.333,0.037,0.185
749,000000748,0.481,0.0,0.148,0.259,0.111
750,000000749,0.333,0.111,0.148,0.037,0.37
751,000000750,0.296,0.111,0.185,0.148,0.259
752,000000751,0.296,0.111,0.333,0.037,0.222
753,000000752,0.037,0.0,0.444,0.407,0.111
754,000000753,0.37,0.074,0.037,0.185,0.333
755,000000754,0.296,0.037,0.037,0.185,0.444
756,000000755,0.407,0.074,0.185,0.074,0.259
757,000000756,0.333,0.0,0.111,0.296,0.259
758,000000757,0.37,0.037,0.037,0.148,0.407
759,000000758,0.481,0.037,0.111,0.037,0.333
760,000000759,0.259,0.148,0.185,0.148,0.259
761,000000760,0.333,0.037,0.148,0.222,0.259
762,000000761,0.444,0.0,0.148,0.185,0.222
763,000000762,0.296,0.037,0.222,0.259,0.185
764,000000763,0.407,0.111,0.111,0.111,0.259
765,000000764,0.259,0.0,0.222,0.185,0.333
766,000000765,0.37,0.0,0.222,0.148,0.259
767,000000766,0.259,0.037,0.333,0.074,0.296
768,000000767,0.444,0.074,0.259,0.037,0.185
769,000000768,0.481,0.0,0.074,0.185,0.259
770,000000769,0.481,0.111,0.074,0.148,0.185
771,000000770,0.296,0.037,0.37,0.111,0.185
772,000000771,0.444,0.037,0.037,0.148,0.333
773,000000772,0.222,0.037,0.111,0.296,0.333
774,000000773,0.407,0.074,0.111,0.148,0.259
775,000000774,0.296,0.148,0.111,0.148,0.296
776,000000775,0.37,0.037,0.185,0.111,0.296
777,000000776,0.556,0.0,0.111,0.074,0.259
778,000000777,0.37,0.0,0.111,0.222,0.296
779,000000778,0.37,0.0,0.259,0.259,0.111
780,000000779,0.481,0.0,0.148,0.111,0.259
781,000000780,0.296,0.148,0.111,0.185,0.259
782,000000781,0.481,0.0,0.074,0.185,0.259
783,000000782,0.407,0.0,0.185,0.111,0.296
784,000000783,0.259,0.0,0.259,0.259,0.222
785,000000784,0.37,0.074,0.074,0.111,0.37
786,000000785,0.556,0.0,0.185,0.074,0.185
787,000000786,0.296,0.074,0.074,0.148,0.407
788,000000787,0.259,0.0,0.259,0.222,0.259
789,000000788,0.444,0.0,0.185,0.111,0.259
790,000000789,0.593,0.037,0.222,0.0,0.148
791,000000790,0.333,0.0,0.148,0.185,0.333
792,000000791,0.407,0.185,0.111,0.111,0.185
793,000000792,0.37,0.074,0.148,0.111,0.296
794,000000793,0.185,0.074,0.148,0.333,0.259
795,000000794,0.444,0.037,0.074,0.111,0.333
796,000000795,0.185,0.037,0.148,0.259,0.37
797,000000796,0.259,0.0,0.111,0.296,0.333
798,000000797,0.259,0.0,0.222,0.259,0.259
799,000000798,0.296,0.0,0.185,0.296,0.222
800,000000799,0.37,0.074,0.074,0.074,0.407
801,000000800,0.296,0.148,0.259,0.037,0.259
802,000000801,0.148,0.0,0.296,0.111,0.444
803,000000802,0.222,0.037,0.333,0.037,0.37
804,000000803,0.296,0.0,0.333,0.148,0.222
805,000000804,0.37,0.037,0.111,0.111,0.37
806,000000805,0.407,0.037,0.111,0.111,0.333
807,000000806,0.222,0.037,0.111,0.148,0.481
808,000000807,0.222,0.074,0.037,0.111,0.556
809,000000808,0.333,0.037,0.222,0.037,0.37
810,000000809,0.333,0.111,0.259,0.111,0.185
811,000000810,0.481,0.037,0.185,0.037,0.259
812,000000811,0.296,0.037,0.111,0.148,0.407
813,000000812,0.259,0.0,0.296,0.259,0.185
814,000000813,0.481,0.037,0.111,0.111,0.259
815,000000814,0.37,0.074,0.185,0.111,0.259
816,000000815,0.333,0.037,0.222,0.074,0.333
817,000000816,0.37,0.037,0.222,0.111,0.259
818,000000817,0.444,0.185,0.111,0.074,0.185
819,000000818,0.333,0.037,0.185,0.111,0.333
820,000000819,0.259,0.111,0.222,0.074,0.333
821,000000820,0.444,0.148,0.148,0.111,0.148
822,000000821,0.37,0.037,0.148,0.148,0.296
823,000000822,0.296,0.222,0.222,0.148,0.111
824,000000823,0.481,0.074,0.185,0.074,0.185
825,000000824,0.333,0.074,0.185,0.185,0.222
826,000000825,0.222,0.148,0.148,0.074,0.407
827,000000826,0.111,0.037,0.259,0.074,0.519
828,000000827,0.333,0.037,0.148,0.111,0.37
829,000000828,0.444,0.0,0.185,0.222,0.148
830,000000829,0.222,0.037,0.185,0.074,0.481
831,000000830,0.481,0.148,0.111,0.111,0.148
832,000000831,0.185,0.0,0.185,0.111,0.519
833,000000832,0.481,0.185,0.037,0.074,0.222
834,000000833,0.333,0.037,0.222,0.222,0.185
835,000000834,0.37,0.148,0.074,0.111,0.296
836,000000835,0.407,0.0,0.222,0.0,0.37
837,000000836,0.296,0.148,0.222,0.037,0.296
838,000000837,0.333,0.074,0.148,0.222,0.222
839,000000838,0.296,0.111,0.111,0.148,0.333
840,000000839,0.259,0.0,0.185,0.148,0.407
841,000000840,0.333,0.037,0.222,0.222,0.185
842,000000841,0.37,0.074,0.185,0.074,0.296
843,000000842,0.333,0.111,0.222,0.185,0.148
844,000000843,0.296,0.074,0.222,0.074,0.333
845,000000844,0.593,0.037,0.111,0.037,0.222
846,000000845,0.333,0.0,0.222,0.037,0.407
847,000000846,0.296,0.0,0.222,0.111,0.37
848,000000847,0.333,0.037,0.222,0.185,0.222
849,000000848,0.37,0.074,0.333,0.037,0.185
850,000000849,0.37,0.0,0.259,0.074,0.296
851,000000850,0.444,0.074,0.185,0.074,0.222
852,000000851,0.259,0.074,0.185,0.222,0.259
853,000000852,0.185,0.037,0.111,0.111,0.556
854,000000853,0.37,0.037,0.111,0.148,0.333
855,000000854,0.296,0.111,0.222,0.037,0.333
856,000000855,0.259,0.0,0.222,0.111,0.407
857,000000856,0.481,0.037,0.111,0.185,0.185
858,000000857,0.296,0.074,0.222,0.111,0.296
859,000000858,0.37,0.111,0.148,0.111,0.259
860,000000859,0.222,0.037,0.37,0.148,0.222
861,000000860,0.222,0.037,0.222,0.148,0.37
862,000000861,0.37,0.0,0.296,0.148,0.185
863,000000862,0.519,0.111,0.185,0.148,0.037
864,000000863,0.407,0.148,0.111,0.148,0.185
865,000000864,0.333,0.0,0.074,0.185,0.407
866,000000865,0.296,0.074,0.222,0.111,0.296
867,000000866,0.37,0.0,0.185,0.222,0.222
868,000000867,0.481,0.148,0.148,0.074,0.148
869,000000868,0.222,0.111,0.148,0.148,0.37
870,000000869,0.111,0.148,0.185,0.148,0.407
871,000000870,0.37,0.074,0.185,0.111,0.259
872,000000871,0.296,0.111,0.222,0.074,0.296
873,000000872,0.296,0.111,0.148,0.148,0.296
874,000000873,0.444,0.074,0.148,0.185,0.148
875,000000874,0.222,0.037,0.222,0.111,0.407
876,000000875,0.259,0.0,0.296,0.185,0.259
877,000000876,0.296,0.074,0.296,0.074,0.259
878,000000877,0.296,0.037,0.111,0.074,0.481
879,000000878,0.185,0.0,0.111,0.185,0.519
880,000000879,0.481,0.111,0.148,0.074,0.185
881,000000880,0.37,0.074,0.148,0.185,0.222
882,000000881,0.222,0.074,0.222,0.185,0.296
883,000000882,0.148,0.037,0.333,0.185,0.296
884,000000883,0.296,0.074,0.222,0.148,0.259
885,000000884,0.37,0.074,0.148,0.185,0.222
886,000000885,0.37,0.111,0.148,0.037,0.333
887,000000886,0.185,0.111,0.185,0.074,0.444
888,000000887,0.259,0.111,0.074,0.259,0.296
889,000000888,0.37,0.037,0.148,0.222,0.222
890,000000889,0.296,0.074,0.148,0.296,0.185
891,000000890,0.296,0.148,0.296,0.148,0.111
892,000000891,0.333,0.111,0.259,0.037,0.259
893,000000892,0.296,0.037,0.111,0.259,0.296
894,000000893,0.407,0.037,0.148,0.185,0.222
895,000000894,0.296,0.037,0.185,0.037,0.444
896,000000895,0.148,0.037,0.444,0.185,0.185
897,000000896,0.185,0.074,0.259,0.111,0.37
898,000000897,0.296,0.148,0.148,0.185,0.222
899,000000898,0.37,0.037,0.296,0.111,0.185
900,000000899,0.259,0.148,0.148,0.148,0.296
901,000000900,0.259,0.074,0.259,0.259,0.148
902,000000901,0.259,0.037,0.111,0.333,0.259
903,000000902,0.259,0.0,0.111,0.074,0.111
904,000000903,0.407,0.0,0.148,0.185,0.259
905,000000904,0.185,0.0,0.148,0.037,0.259
906,000000905,0.333,0.074,0.111,0.111,0.37
907,000000906,0.259,0.111,0.074,0.111,0.444
908,000000907,0.333,0.148,0.185,0.111,0.222
909,000000908,0.333,0.037,0.111,0.185,0.333
910,000000909,0.37,0.074,0.111,0.222,0.222
911,000000910,0.37,0.111,0.259,0.111,0.148
912,000000911,0.333,0.074,0.074,0.259,0.259
913,000000912,0.519,0.037,0.074,0.111,0.259
914,000000913,0.333,0.074,0.222,0.111,0.259
915,000000914,0.185,0.074,0.222,0.222,0.296
916,000000915,0.222,0.148,0.148,0.074,0.407
917,000000916,0.407,0.111,0.111,0.074,0.296
918,000000917,0.222,0.111,0.259,0.111,0.296
919,000000918,0.222,0.037,0.148,0.185,0.407
920,000000919,0.333,0.0,0.259,0.259,0.148
921,000000920,0.333,0.074,0.111,0.074,0.407
922,000000921,0.37,0.037,0.185,0.111,0.296
923,000000922,0.222,0.0,0.074,0.185,0.519
924,000000923,0.444,0.111,0.111,0.148,0.185
925,000000924,0.222,0.111,0.185,0.148,0.333
926,000000925,0.37,0.037,0.074,0.333,0.185
927,000000926,0.333,0.111,0.185,0.074,0.296
928,000000927,0.37,0.037,0.185,0.222,0.185
929,000000928,0.593,0.0,0.074,0.074,0.259
930,000000929,0.259,0.148,0.222,0.074,0.296
931,000000930,0.333,0.148,0.185,0.037,0.296
932,000000931,0.37,0.037,0.185,0.148,0.259
933,000000932,0.185,0.185,0.185,0.148,0.296
934,000000933,0.296,0.111,0.111,0.222,0.259
935,000000934,0.222,0.037,0.333,0.185,0.222
936,000000935,0.185,0.148,0.148,0.074,0.444
937,000000936,0.296,0.037,0.074,0.222,0.37
938,000000937,0.296,0.074,0.148,0.111,0.37
939,000000938,0.37,0.074,0.111,0.148,0.296
940,000000939,0.222,0.074,0.185,0.074,0.444
941,000000940,0.37,0.074,0.148,0.185,0.222
942,000000941,0.37,0.037,0.111,0.185,0.296
943,000000942,0.296,0.111,0.148,0.111,0.333
944,000000943,0.333,0.111,0.074,0.074,0.407
945,000000944,0.148,0.074,0.296,0.148,0.333
946,000000945,0.148,0.185,0.259,0.148,0.259
947,000000946,0.185,0.074,0.296,0.185,0.259
948,000000947,0.407,0.037,0.185,0.037,0.333
949,000000948,0.481,0.0,0.037,0.296,0.185
950,000000949,0.259,0.111,0.148,0.148,0.333
951,000000950,0.296,0.0,0.222,0.148,0.333
952,000000951,0.296,0.0,0.259,0.111,0.333
953,000000952,0.222,0.037,0.407,0.0,0.333
954,000000953,0.407,0.0,0.185,0.111,0.296
955,000000954,0.37,0.148,0.148,0.111,0.222
956,000000955,0.296,0.0,0.222,0.222,0.259
957,000000956,0.333,0.0,0.222,0.222,0.222
958,000000957,0.444,0.0,0.148,0.185,0.222
959,000000958,0.407,0.037,0.185,0.148,0.222
960,000000959,0.333,0.185,0.148,0.074,0.259
961,000000960,0.407,0.074,0.296,0.037,0.185
962,000000961,0.444,0.037,0.148,0.185,0.185
963,000000962,0.259,0.111,0.111,0.259,0.259
964,000000963,0.259,0.0,0.296,0.074,0.37
965,000000964,0.148,0.0,0.259,0.259,0.333
966,000000965,0.333,0.111,0.185,0.074,0.296
967,000000966,0.296,0.037,0.296,0.222,0.148
968,000000967,0.556,0.111,0.111,0.111,0.111
969,000000968,0.259,0.037,0.259,0.185,0.259
970,000000969,0.333,0.074,0.148,0.407,0.037
971,000000970,0.444,0.185,0.148,0.148,0.074
972,000000971,0.444,0.037,0.185,0.185,0.148
973,000000972,0.222,0.148,0.111,0.185,0.333
974,000000973,0.444,0.037,0.185,0.148,0.185
975,000000974,0.222,0.074,0.185,0.074,0.444
976,000000975,0.259,0.074,0.148,0.111,0.407
977,000000976,0.259,0.111,0.185,0.259,0.185
978,000000977,0.37,0.0,0.259,0.148,0.222
979,000000978,0.259,0.0,0.259,0.111,0.37
980,000000979,0.333,0.148,0.148,0.037,0.333
981,000000980,0.333,0.037,0.185,0.185,0.259
982,000000981,0.222,0.185,0.074,0.185,0.296
983,000000982,0.259,0.0,0.222,0.111,0.407
984,000000983,0.185,0.074,0.222,0.185,0.333
985,000000984,0.296,0.074,0.185,0.074,0.37
986,000000985,0.37,0.074,0.185,0.074,0.296
987,000000986,0.111,0.037,0.333,0.259,0.259
988,000000987,0.296,0.0,0.185,0.296,0.222
989,000000988,0.074,0.037,0.296,0.0,0.593
990,000000989,0.37,0.0,0.259,0.111,0.259
991,000000990,0.259,0.148,0.111,0.222,0.259
992,000000991,0.481,0.037,0.111,0.074,0.296
993,000000992,0.444,0.0,0.074,0.259,0.222
994,000000993,0.259,0.0,0.148,0.148,0.444
995,000000994,0.37,0.0,0.296,0.259,0.074
996,000000995,0.407,0.037,0.148,0.185,0.222
997,000000996,0.407,0.0,0.111,0.185,0.296
998,000000997,0.222,0.074,0.222,0.111,0.37
999,000000998,0.407,0.0,0.185,0.259,0.148
1000,000000999,0.519,0.037,0.148,0.037,0.259
1001,0000001000,0.185,0.0,0.222,0.074,0.519
1002,0000001001,0.259,0.148,0.148,0.148,0.296
1003,0000001002,0.481,0.037,0.111,0.111,0.259
1004,0000001003,0.259,0.074,0.185,0.222,0.259
1005,0000001004,0.296,0.037,0.259,0.222,0.185
1006,0000001005,0.259,0.037,0.148,0.074,0.481
1007,0000001006,0.296,0.148,0.111,0.074,0.37
1008,0000001007,0.333,0.148,0.111,0.148,0.259
1009,0000001008,0.556,0.111,0.074,0.074,0.185
1010,0000001009,0.333,0.037,0.259,0.0,0.37
1011,0000001010,0.296,0.111,0.259,0.185,0.148
1012,0000001011,0.407,0.074,0.148,0.074,0.296
1013,0000001012,0.37,0.037,0.148,0.111,0.333
1014,0000001013,0.222,0.037,0.296,0.148,0.296
1015,0000001014,0.333,0.111,0.074,0.185,0.296
1016,0000001015,0.296,0.074,0.148,0.185,0.296
1017,0000001016,0.259,0.074,0.259,0.074,0.333
1018,0000001017,0.407,0.074,0.111,0.037,0.37
1019,0000001018,0.37,0.222,0.148,0.148,0.111
1020,0000001019,0.593,0.074,0.037,0.074,0.222
1021,0000001020,0.481,0.111,0.185,0.037,0.185
1022,0000001021,0.407,0.037,0.185,0.148,0.222
1023,0000001022,0.333,0.037,0.222,0.074,0.333
1024,0000001023,0.37,0.037,0.074,0.148,0.37
1025,0000001024,0.296,0.037,0.185,0.148,0.333
1026,0000001025,0.444,0.074,0.111,0.148,0.222
1027,0000001026,0.259,0.037,0.222,0.222,0.259
1028,0000001027,0.333,0.0,0.111,0.259,0.296
1029,0000001028,0.296,0.074,0.259,0.148,0.222
1030,0000001029,0.111,0.037,0.074,0.074,0.296
1031,0000001030,0.148,0.111,0.222,0.185,0.333
1032,0000001031,0.111,0.037,0.259,0.333,0.259
1033,0000001032,0.481,0.0,0.111,0.111,0.296
1034,0000001033,0.63,0.037,0.037,0.074,0.222
1035,0000001034,0.259,0.111,0.259,0.074,0.296
1036,0000001035,0.37,0.037,0.333,0.037,0.222
1037,0000001036,0.148,0.111,0.185,0.259,0.296
1038,0000001037,0.407,0.185,0.111,0.111,0.185
1039,0000001038,0.296,0.0,0.148,0.185,0.37
1040,0000001039,0.333,0.0,0.259,0.185,0.222
1041,0000001040,0.593,0.0,0.074,0.074,0.259
1042,0000001041,0.222,0.148,0.111,0.185,0.333
1043,0000001042,0.407,0.074,0.185,0.185,0.148
1044,0000001043,0.407,0.074,0.185,0.074,0.259
1045,0000001044,0.222,0.111,0.222,0.111,0.333
1046,0000001045,0.481,0.037,0.074,0.0,0.407
1047,0000001046,0.333,0.148,0.111,0.111,0.296
1048,0000001047,0.333,0.111,0.111,0.111,0.333
1049,0000001048,0.333,0.037,0.148,0.296,0.185
1050,0000001049,0.37,0.0,0.222,0.185,0.222
1051,0000001050,0.444,0.074,0.222,0.185,0.074
1052,0000001051,0.481,0.0,0.148,0.074,0.296
1053,0000001052,0.444,0.111,0.222,0.111,0.111
1054,0000001053,0.333,0.037,0.222,0.148,0.259
1055,0000001054,0.259,0.037,0.185,0.222,0.296
1056,0000001055,0.37,0.037,0.148,0.148,0.296
1057,0000001056,0.333,0.074,0.185,0.148,0.259
1058,0000001057,0.407,0.0,0.259,0.148,0.185
1059,0000001058,0.37,0.074,0.037,0.222,0.296
1060,0000001059,0.407,0.037,0.148,0.074,0.333
1061,0000001060,0.37,0.111,0.037,0.074,0.407
1062,0000001061,0.37,0.037,0.185,0.148,0.259
1063,0000001062,0.37,0.074,0.111,0.148,0.296
1064,0000001063,0.185,0.185,0.148,0.259,0.222
1065,0000001064,0.037,0.0,0.481,0.074,0.407
1066,0000001065,0.481,0.0,0.222,0.111,0.185
1067,0000001066,0.333,0.074,0.074,0.148,0.37
1068,0000001067,0.407,0.074,0.074,0.148,0.296
1069,0000001068,0.407,0.037,0.148,0.111,0.296
1070,0000001069,0.333,0.111,0.148,0.074,0.333
1071,0000001070,0.407,0.037,0.111,0.185,0.259
1072,0000001071,0.481,0.0,0.148,0.185,0.185
1073,0000001072,0.259,0.148,0.185,0.222,0.185
1074,0000001073,0.519,0.037,0.111,0.037,0.296
1075,0000001074,0.333,0.111,0.148,0.037,0.37
1076,0000001075,0.296,0.0,0.185,0.074,0.444
1077,0000001076,0.259,0.037,0.185,0.296,0.222
1078,0000001077,0.296,0.074,0.259,0.111,0.259
1079,0000001078,0.556,0.0,0.148,0.074,0.222
1080,0000001079,0.296,0.037,0.222,0.185,0.259
1081,0000001080,0.407,0.037,0.111,0.111,0.333
1082,0000001081,0.296,0.111,0.148,0.111,0.333
1083,0000001082,0.407,0.074,0.074,0.148,0.296
1084,0000001083,0.333,0.0,0.185,0.185,0.296
1085,0000001084,0.37,0.148,0.111,0.074,0.296
1086,0000001085,0.259,0.074,0.185,0.111,0.37
1087,0000001086,0.259,0.0,0.185,0.185,0.37
1088,0000001087,0.37,0.074,0.185,0.074,0.296
1089,0000001088,0.407,0.074,0.185,0.185,0.148
1090,0000001089,0.296,0.111,0.185,0.148,0.259
1091,0000001090,0.259,0.074,0.148,0.074,0.444
1092,0000001091,0.296,0.037,0.074,0.185,0.407
1093,0000001092,0.333,0.074,0.148,0.222,0.222
1094,0000001093,0.333,0.0,0.037,0.111,0.519
1095,0000001094,0.074,0.0,0.333,0.0,0.593
1096,0000001095,0.222,0.074,0.296,0.037,0.37
1097,0000001096,0.333,0.037,0.148,0.111,0.37
1098,0000001097,0.37,0.185,0.222,0.111,0.111
1099,0000001098,0.333,0.074,0.148,0.148,0.296
1100,0000001099,0.407,0.0,0.148,0.037,0.407
1101,0000001100,0.148,0.0,0.148,0.407,0.296
1102,0000001101,0.148,0.0,0.074,0.259,0.037
1103,0000001102,0.37,0.222,0.148,0.037,0.222
1104,0000001103,0.556,0.185,0.111,0.037,0.111
1105,0000001104,0.185,0.111,0.185,0.222,0.296
1106,0000001105,0.148,0.037,0.296,0.148,0.111
1107,0000001106,0.519,0.037,0.074,0.148,0.222
1108,0000001107,0.333,0.074,0.111,0.222,0.259
1109,0000001108,0.37,0.148,0.148,0.074,0.259
1110,0000001109,0.37,0.111,0.185,0.074,0.259
1111,0000001110,0.259,0.111,0.222,0.148,0.259
1112,0000001111,0.259,0.0,0.111,0.111,0.519
1113,0000001112,0.37,0.111,0.148,0.037,0.333
1114,0000001113,0.259,0.074,0.259,0.148,0.259
1115,0000001114,0.37,0.037,0.111,0.259,0.222
1116,0000001115,0.296,0.148,0.222,0.0,0.333
1117,0000001116,0.185,0.0,0.111,0.259,0.444
1118,0000001117,0.37,0.0,0.148,0.148,0.333
1119,0000001118,0.407,0.037,0.148,0.222,0.185
1120,0000001119,0.333,0.111,0.148,0.074,0.333
1121,0000001120,0.259,0.037,0.259,0.296,0.148
1122,0000001121,0.333,0.074,0.222,0.111,0.259
1123,0000001122,0.333,0.037,0.222,0.074,0.333
1124,0000001123,0.333,0.111,0.185,0.074,0.296
1125,0000001124,0.37,0.074,0.148,0.148,0.259
1126,0000001125,0.481,0.074,0.111,0.074,0.259
1127,0000001126,0.407,0.111,0.259,0.111,0.111
1128,0000001127,0.37,0.148,0.222,0.074,0.185
1129,0000001128,0.222,0.185,0.074,0.185,0.333
1130,0000001129,0.37,0.148,0.111,0.111,0.259
1131,0000001130,0.148,0.037,0.111,0.037,0.259
1132,0000001131,0.148,0.148,0.074,0.222,0.407
1133,0000001132,0.37,0.0,0.148,0.222,0.259
1134,0000001133,0.037,0.0,0.333,0.333,0.296
1135,0000001134,0.296,0.074,0.333,0.111,0.185
1136,0000001135,0.259,0.037,0.259,0.148,0.296
1137,0000001136,0.296,0.074,0.185,0.074,0.37
1138,0000001137,0.296,0.111,0.296,0.148,0.148
1139,0000001138,0.481,0.037,0.074,0.037,0.074
1140,0000001139,0.593,0.0,0.111,0.148,0.148
1141,0000001140,0.444,0.074,0.185,0.148,0.148
1142,0000001141,0.333,0.074,0.148,0.037,0.407
1143,0000001142,0.37,0.0,0.185,0.074,0.37
1144,0000001143,0.259,0.037,0.259,0.296,0.148
1145,0000001144,0.333,0.074,0.148,0.185,0.259
1146,0000001145,0.259,0.111,0.074,0.148,0.407
1147,0000001146,0.222,0.037,0.185,0.259,0.296
1148,0000001147,0.37,0.111,0.222,0.111,0.185
1149,0000001148,0.185,0.037,0.185,0.111,0.481
1150,0000001149,0.37,0.074,0.111,0.148,0.296
1151,0000001150,0.296,0.074,0.148,0.222,0.259
1152,0000001151,0.222,0.0,0.111,0.222,0.444
1153,0000001152,0.259,0.0,0.222,0.185,0.333
1154,0000001153,0.222,0.037,0.222,0.074,0.444
1155,0000001154,0.37,0.074,0.111,0.111,0.333
1156,0000001155,0.519,0.0,0.185,0.037,0.259
1157,0000001156,0.333,0.074,0.185,0.037,0.37
1158,0000001157,0.37,0.074,0.222,0.185,0.148
1159,0000001158,0.148,0.111,0.333,0.111,0.296
1160,0000001159,0.222,0.111,0.148,0.148,0.37
1161,0000001160,0.148,0.185,0.222,0.185,0.259
1162,0000001161,0.296,0.074,0.148,0.222,0.259
1163,0000001162,0.296,0.074,0.222,0.111,0.296
1164,0000001163,0.222,0.074,0.296,0.185,0.222
1165,0000001164,0.37,0.148,0.185,0.111,0.185
1166,0000001165,0.37,0.111,0.222,0.037,0.259
1167,0000001166,0.222,0.037,0.259,0.0,0.481
1168,0000001167,0.259,0.037,0.111,0.222,0.37
1169,0000001168,0.481,0.0,0.222,0.148,0.148
1170,0000001169,0.481,0.0,0.111,0.074,0.333
1171,0000001170,0.333,0.074,0.185,0.111,0.296
1172,0000001171,0.296,0.0,0.333,0.148,0.222
1173,0000001172,0.481,0.037,0.148,0.185,0.148
1174,0000001173,0.222,0.148,0.333,0.111,0.185
1175,0000001174,0.259,0.037,0.222,0.222,0.259
1176,0000001175,0.333,0.185,0.148,0.074,0.259
1177,0000001176,0.111,0.111,0.222,0.185,0.37
1178,0000001177,0.407,0.111,0.111,0.148,0.222
1179,0000001178,0.444,0.037,0.148,0.222,0.148
1180,0000001179,0.37,0.037,0.111,0.111,0.37
1181,0000001180,0.333,0.037,0.259,0.259,0.111
1182,0000001181,0.37,0.074,0.037,0.185,0.333
1183,0000001182,0.444,0.0,0.111,0.148,0.296
1184,0000001183,0.444,0.0,0.111,0.148,0.296
1185,0000001184,0.407,0.037,0.111,0.111,0.333
1186,0000001185,0.37,0.111,0.148,0.148,0.222
1187,0000001186,0.481,0.074,0.148,0.148,0.148
1188,0000001187,0.556,0.037,0.037,0.074,0.296
1189,0000001188,0.148,0.074,0.222,0.185,0.37
1190,0000001189,0.333,0.0,0.185,0.222,0.259
1191,0000001190,0.259,0.074,0.111,0.185,0.37
1192,0000001191,0.259,0.037,0.296,0.037,0.37
1193,0000001192,0.074,0.037,0.111,0.333,0.444
1194,0000001193,0.296,0.111,0.148,0.074,0.37
1195,0000001194,0.407,0.0,0.148,0.222,0.222
1196,0000001195,0.222,0.074,0.222,0.111,0.37
1197,0000001196,0.296,0.111,0.259,0.037,0.296
1198,0000001197,0.296,0.0,0.222,0.111,0.37
1199,0000001198,0.185,0.111,0.111,0.185,0.296
1200,0000001199,0.222,0.0,0.222,0.185,0.37
1201,0000001200,0.333,0.222,0.074,0.185,0.185
1202,0000001201,0.296,0.0,0.296,0.148,0.259
1203,0000001202,0.333,0.0,0.259,0.185,0.222
1204,0000001203,0.407,0.037,0.222,0.185,0.148
1205,0000001204,0.333,0.0,0.074,0.074,0.519
1206,0000001205,0.296,0.111,0.148,0.222,0.222
1207,0000001206,0.37,0.037,0.222,0.185,0.185
1208,0000001207,0.407,0.0,0.148,0.148,0.296
1209,0000001208,0.296,0.148,0.148,0.148,0.259
1210,0000001209,0.296,0.037,0.148,0.111,0.407
1211,0000001210,0.333,0.111,0.074,0.074,0.407
1212,0000001211,0.296,0.037,0.185,0.037,0.444
1213,0000001212,0.407,0.0,0.111,0.148,0.333
1214,0000001213,0.407,0.0,0.148,0.111,0.333
1215,0000001214,0.407,0.111,0.185,0.074,0.222
1216,0000001215,0.148,0.037,0.37,0.222,0.222
1217,0000001216,0.37,0.074,0.222,0.111,0.222
1218,0000001217,0.222,0.148,0.148,0.185,0.296
1219,0000001218,0.259,0.074,0.074,0.296,0.296
1220,0000001219,0.259,0.037,0.296,0.111,0.296
1221,0000001220,0.296,0.148,0.111,0.111,0.333
1222,0000001221,0.407,0.148,0.222,0.111,0.111
1223,0000001222,0.296,0.037,0.259,0.111,0.296
1224,0000001223,0.222,0.0,0.222,0.222,0.333
1225,0000001224,0.444,0.0,0.148,0.222,0.185
1226,0000001225,0.333,0.0,0.259,0.222,0.185
1227,0000001226,0.259,0.074,0.111,0.148,0.407
1228,0000001227,0.407,0.074,0.259,0.074,0.185
1229,0000001228,0.37,0.111,0.111,0.259,0.148
1230,0000001229,0.074,0.0,0.63,0.074,0.222
1231,0000001230,0.37,0.0,0.185,0.148,0.296
1232,0000001231,0.37,0.037,0.296,0.074,0.222
1233,0000001232,0.37,0.0,0.185,0.074,0.37
1234,0000001233,0.259,0.074,0.222,0.222,0.222
1235,0000001234,0.111,0.148,0.148,0.185,0.407
1236,0000001235,0.444,0.074,0.185,0.111,0.185
1237,0000001236,0.259,0.111,0.148,0.148,0.333
1238,0000001237,0.37,0.037,0.296,0.148,0.148
1239,0000001238,0.407,0.074,0.037,0.185,0.296
1240,0000001239,0.222,0.074,0.185,0.111,0.407
1241,0000001240,0.259,0.0,0.148,0.148,0.444
1242,0000001241,0.37,0.037,0.111,0.185,0.296
1243,0000001242,0.37,0.037,0.074,0.222,0.296
1244,0000001243,0.296,0.037,0.185,0.222,0.259
1245,0000001244,0.37,0.0,0.185,0.185,0.259
1246,0000001245,0.407,0.037,0.185,0.185,0.185
1247,0000001246,0.333,0.037,0.185,0.111,0.333
1248,0000001247,0.333,0.074,0.148,0.222,0.222
1249,0000001248,0.37,0.037,0.148,0.037,0.407
1250,0000001249,0.148,0.037,0.407,0.037,0.37
1251,0000001250,0.519,0.037,0.111,0.074,0.259
1252,0000001251,0.481,0.0,0.296,0.111,0.111
1253,0000001252,0.296,0.148,0.259,0.037,0.259
1254,0000001253,0.111,0.222,0.074,0.333,0.259
1255,0000001254,0.185,0.148,0.296,0.222,0.148
1256,0000001255,0.259,0.037,0.296,0.259,0.148
1257,0000001256,0.37,0.074,0.111,0.222,0.222
1258,0000001257,0.222,0.148,0.185,0.111,0.333
1259,0000001258,0.407,0.074,0.111,0.148,0.259
1260,0000001259,0.519,0.111,0.111,0.037,0.222
1261,0000001260,0.333,0.074,0.111,0.185,0.296
1262,0000001261,0.444,0.074,0.074,0.148,0.259
1263,0000001262,0.444,0.0,0.222,0.185,0.148
1264,0000001263,0.333,0.074,0.222,0.185,0.185
1265,0000001264,0.222,0.0,0.185,0.074,0.519
1266,0000001265,0.296,0.074,0.222,0.148,0.259
1267,0000001266,0.259,0.074,0.148,0.185,0.333
1268,0000001267,0.333,0.037,0.111,0.185,0.333
1269,0000001268,0.444,0.037,0.185,0.074,0.259
1270,0000001269,0.296,0.111,0.111,0.296,0.185
1271,0000001270,0.407,0.0,0.148,0.185,0.259
1272,0000001271,0.333,0.185,0.222,0.0,0.259
1273,0000001272,0.296,0.0,0.185,0.185,0.333
1274,0000001273,0.519,0.037,0.148,0.148,0.148
1275,0000001274,0.296,0.148,0.185,0.222,0.148
1276,0000001275,0.296,0.074,0.148,0.111,0.37
1277,0000001276,0.333,0.037,0.222,0.185,0.222
1278,0000001277,0.407,0.074,0.074,0.0,0.444
1279,0000001278,0.333,0.0,0.296,0.037,0.333
1280,0000001279,0.259,0.074,0.185,0.222,0.259
1281,0000001280,0.259,0.111,0.185,0.185,0.259
1282,0000001281,0.333,0.074,0.148,0.148,0.296
1283,0000001282,0.481,0.0,0.259,0.037,0.222
1284,0000001283,0.333,0.0,0.222,0.111,0.333
1285,0000001284,0.259,0.111,0.148,0.111,0.37
1286,0000001285,0.407,0.037,0.185,0.111,0.259
1287,0000001286,0.333,0.037,0.148,0.074,0.407
1288,0000001287,0.259,0.037,0.222,0.185,0.296
1289,0000001288,0.296,0.037,0.185,0.111,0.37
1290,0000001289,0.185,0.0,0.519,0.148,0.148
1291,0000001290,0.37,0.111,0.185,0.037,0.296
1292,0000001291,0.222,0.037,0.222,0.185,0.333
1293,0000001292,0.222,0.111,0.185,0.111,0.37
1294,0000001293,0.259,0.037,0.148,0.037,0.111
1295,0000001294,0.481,0.037,0.111,0.185,0.185
1296,0000001295,0.296,0.074,0.148,0.148,0.333
1297,0000001296,0.296,0.185,0.185,0.185,0.148
1298,0000001297,0.259,0.074,0.222,0.037,0.407
1299,0000001298,0.333,0.0,0.185,0.148,0.333
1300,0000001299,0.148,0.0,0.185,0.259,0.407
1301,0000001300,0.37,0.148,0.259,0.0,0.222
1302,0000001301,0.37,0.148,0.074,0.222,0.185
1303,0000001302,0.519,0.037,0.185,0.074,0.185
1304,0000001303,0.037,0.0,0.296,0.0,0.667
1305,0000001304,0.296,0.074,0.111,0.259,0.259
1306,0000001305,0.407,0.037,0.148,0.148,0.259
1307,0000001306,0.296,0.111,0.074,0.222,0.296
1308,0000001307,0.407,0.111,0.222,0.148,0.111
1309,0000001308,0.37,0.037,0.148,0.074,0.37
1310,0000001309,0.222,0.111,0.148,0.148,0.37
1311,0000001310,0.333,0.0,0.296,0.037,0.333
1312,0000001311,0.37,0.148,0.148,0.074,0.259
1313,0000001312,0.444,0.0,0.148,0.148,0.259
1314,0000001313,0.333,0.0,0.185,0.259,0.222
1315,0000001314,0.259,0.0,0.148,0.185,0.407
1316,0000001315,0.185,0.0,0.593,0.037,0.185
1317,0000001316,0.222,0.037,0.222,0.111,0.074
1318,0000001317,0.37,0.148,0.111,0.037,0.333
1319,0000001318,0.259,0.0,0.185,0.259,0.296
1320,0000001319,0.333,0.037,0.111,0.296,0.222
1321,0000001320,0.481,0.074,0.111,0.074,0.259
1322,0000001321,0.37,0.0,0.148,0.185,0.296
1323,0000001322,0.148,0.074,0.333,0.185,0.259
1324,0000001323,0.444,0.111,0.185,0.148,0.111
1325,0000001324,0.185,0.0,0.407,0.333,0.074
1326,0000001325,0.222,0.037,0.148,0.259,0.333
1327,0000001326,0.296,0.074,0.148,0.074,0.407
1328,0000001327,0.148,0.0,0.481,0.148,0.222
1329,0000001328,0.222,0.074,0.296,0.111,0.296
1330,0000001329,0.185,0.148,0.111,0.222,0.333
1331,0000001330,0.296,0.148,0.185,0.111,0.259
1332,0000001331,0.222,0.037,0.111,0.222,0.407
1333,0000001332,0.296,0.0,0.222,0.148,0.333
1334,0000001333,0.444,0.111,0.185,0.111,0.148
1335,0000001334,0.593,0.037,0.148,0.111,0.111
1336,0000001335,0.481,0.037,0.185,0.074,0.222
1337,0000001336,0.407,0.0,0.111,0.074,0.407
1338,0000001337,0.259,0.074,0.259,0.148,0.259
1339,0000001338,0.222,0.0,0.296,0.296,0.185
1340,0000001339,0.222,0.148,0.222,0.148,0.259
1341,0000001340,0.407,0.111,0.148,0.037,0.296
1342,0000001341,0.63,0.0,0.074,0.148,0.148
1343,0000001342,0.333,0.111,0.222,0.0,0.333
1344,0000001343,0.185,0.222,0.111,0.074,0.407
1345,0000001344,0.481,0.0,0.259,0.074,0.185
1346,0000001345,0.37,0.148,0.074,0.074,0.333
1347,0000001346,0.481,0.074,0.148,0.074,0.222
1348,0000001347,0.37,0.185,0.037,0.148,0.259
1349,0000001348,0.222,0.037,0.259,0.185,0.296
1350,0000001349,0.333,0.037,0.148,0.222,0.259
1351,0000001350,0.37,0.037,0.148,0.259,0.185
1352,0000001351,0.259,0.037,0.148,0.185,0.37
1353,0000001352,0.296,0.111,0.222,0.148,0.222
1354,0000001353,0.148,0.037,0.185,0.111,0.222
1355,0000001354,0.296,0.0,0.222,0.111,0.37
1356,0000001355,0.296,0.111,0.148,0.111,0.333
1357,0000001356,0.407,0.037,0.111,0.185,0.259
1358,0000001357,0.296,0.074,0.222,0.222,0.185
1359,0000001358,0.407,0.074,0.074,0.185,0.259
1360,0000001359,0.259,0.0,0.037,0.556,0.148
1361,0000001360,0.37,0.0,0.185,0.222,0.222
1362,0000001361,0.333,0.037,0.185,0.111,0.333
1363,0000001362,0.519,0.0,0.111,0.111,0.259
1364,0000001363,0.333,0.0,0.296,0.074,0.296
1365,0000001364,0.185,0.111,0.185,0.185,0.333
1366,0000001365,0.222,0.0,0.148,0.148,0.481
1367,0000001366,0.333,0.148,0.148,0.111,0.259
1368,0000001367,0.37,0.037,0.111,0.185,0.296
1369,0000001368,0.407,0.037,0.148,0.222,0.185
1370,0000001369,0.259,0.037,0.185,0.259,0.259
1371,0000001370,0.333,0.037,0.074,0.185,0.37
1372,0000001371,0.296,0.074,0.222,0.074,0.333
1373,0000001372,0.333,0.037,0.185,0.148,0.296
1374,0000001373,0.259,0.074,0.111,0.222,0.333
1375,0000001374,0.296,0.0,0.037,0.074,0.593
1376,0000001375,0.37,0.074,0.185,0.148,0.222
1377,0000001376,0.333,0.074,0.037,0.148,0.407
1378,0000001377,0.185,0.0,0.333,0.333,0.148
1379,0000001378,0.259,0.074,0.148,0.222,0.296
1380,0000001379,0.333,0.111,0.111,0.0,0.444
1381,0000001380,0.37,0.037,0.148,0.074,0.37
1382,0000001381,0.185,0.0,0.37,0.0,0.185
1383,0000001382,0.407,0.111,0.074,0.185,0.222
1384,0000001383,0.259,0.074,0.185,0.185,0.296
1385,0000001384,0.407,0.0,0.259,0.111,0.222
1386,0000001385,0.296,0.111,0.074,0.111,0.407
1387,0000001386,0.296,0.037,0.037,0.222,0.407
1388,0000001387,0.481,0.0,0.111,0.074,0.333
1389,0000001388,0.444,0.0,0.111,0.185,0.259
1390,0000001389,0.519,0.037,0.111,0.074,0.259
1391,0000001390,0.407,0.074,0.148,0.185,0.185
1392,0000001391,0.333,0.148,0.111,0.111,0.296
1393,0000001392,0.37,0.0,0.111,0.185,0.333
1394,0000001393,0.444,0.111,0.148,0.074,0.222
1395,0000001394,0.296,0.185,0.148,0.074,0.296
1396,0000001395,0.37,0.037,0.37,0.074,0.148
1397,0000001396,0.37,0.074,0.259,0.185,0.111
1398,0000001397,0.481,0.074,0.111,0.148,0.185
1399,0000001398,0.444,0.037,0.148,0.222,0.148
1400,0000001399,0.407,0.0,0.296,0.037,0.259
1401,0000001400,0.333,0.0,0.259,0.148,0.259
1402,0000001401,0.185,0.037,0.259,0.296,0.222
1403,0000001402,0.296,0.074,0.037,0.037,0.556
1404,0000001403,0.185,0.0,0.185,0.259,0.37
1405,0000001404,0.481,0.0,0.185,0.185,0.148
1406,0000001405,0.185,0.111,0.148,0.0,0.556
1407,0000001406,0.222,0.037,0.222,0.222,0.296
1408,0000001407,0.407,0.037,0.185,0.111,0.259
1409,0000001408,0.333,0.037,0.185,0.111,0.333
1410,0000001409,0.407,0.037,0.074,0.074,0.407
1411,0000001410,0.296,0.0,0.259,0.222,0.222
1412,0000001411,0.296,0.148,0.111,0.111,0.333
1413,0000001412,0.333,0.0,0.148,0.148,0.37
1414,0000001413,0.222,0.074,0.407,0.074,0.222
1415,0000001414,0.222,0.074,0.444,0.037,0.222
1416,0000001415,0.407,0.0,0.148,0.222,0.222
1417,0000001416,0.296,0.0,0.407,0.148,0.148
1418,0000001417,0.222,0.148,0.185,0.259,0.185
1419,0000001418,0.444,0.0,0.111,0.222,0.222
1420,0000001419,0.185,0.0,0.185,0.222,0.407
1421,0000001420,0.37,0.037,0.111,0.148,0.333
1422,0000001421,0.296,0.074,0.222,0.111,0.296
1423,0000001422,0.333,0.037,0.222,0.111,0.296
1424,0000001423,0.296,0.074,0.259,0.185,0.185
1425,0000001424,0.296,0.111,0.222,0.185,0.185
1426,0000001425,0.37,0.0,0.148,0.222,0.259
1427,0000001426,0.37,0.037,0.259,0.111,0.222
1428,0000001427,0.333,0.111,0.037,0.037,0.481
1429,0000001428,0.148,0.0,0.296,0.185,0.37
1430,0000001429,0.296,0.074,0.222,0.074,0.333
1431,0000001430,0.037,0.0,0.148,0.481,0.333
1432,0000001431,0.407,0.0,0.111,0.185,0.296
1433,0000001432,0.296,0.111,0.148,0.296,0.148
1434,0000001433,0.444,0.074,0.148,0.074,0.259
1435,0000001434,0.407,0.0,0.259,0.074,0.259
1436,0000001435,0.296,0.0,0.148,0.185,0.37
1437,0000001436,0.296,0.0,0.185,0.185,0.333
1438,0000001437,0.259,0.074,0.185,0.296,0.185
1439,0000001438,0.407,0.037,0.185,0.148,0.222
1440,0000001439,0.296,0.0,0.296,0.222,0.185
1441,0000001440,0.222,0.0,0.259,0.296,0.222
1442,0000001441,0.148,0.111,0.333,0.074,0.333
1443,0000001442,0.296,0.0,0.222,0.148,0.333
1444,0000001443,0.259,0.111,0.148,0.111,0.37
1445,0000001444,0.333,0.074,0.111,0.111,0.37
1446,0000001445,0.519,0.0,0.111,0.222,0.148
1447,0000001446,0.37,0.037,0.111,0.222,0.259
1448,0000001447,0.407,0.185,0.148,0.074,0.185
1449,0000001448,0.444,0.074,0.111,0.148,0.222
1450,0000001449,0.333,0.037,0.111,0.259,0.259
1451,0000001450,0.37,0.037,0.185,0.185,0.222
1452,0000001451,0.407,0.0,0.222,0.148,0.222
1453,0000001452,0.444,0.074,0.185,0.185,0.111
1454,0000001453,0.333,0.111,0.222,0.0,0.333
1455,0000001454,0.185,0.037,0.296,0.296,0.185
1456,0000001455,0.444,0.037,0.185,0.111,0.222
1457,0000001456,0.481,0.148,0.185,0.0,0.185
1458,0000001457,0.444,0.0,0.185,0.148,0.222
1459,0000001458,0.259,0.074,0.296,0.074,0.296
1460,0000001459,0.259,0.0,0.222,0.185,0.333
1461,0000001460,0.296,0.037,0.185,0.222,0.259
1462,0000001461,0.407,0.074,0.074,0.148,0.296
1463,0000001462,0.259,0.148,0.333,0.185,0.074
1464,0000001463,0.185,0.259,0.222,0.037,0.296
1465,0000001464,0.296,0.074,0.148,0.222,0.259
1466,0000001465,0.259,0.111,0.259,0.148,0.222
1467,0000001466,0.37,0.037,0.148,0.111,0.333
1468,0000001467,0.407,0.074,0.148,0.111,0.259
1469,0000001468,0.481,0.037,0.222,0.185,0.074
1470,0000001469,0.333,0.111,0.148,0.111,0.296
1471,0000001470,0.37,0.074,0.111,0.222,0.222
1472,0000001471,0.481,0.0,0.185,0.074,0.259
1473,0000001472,0.222,0.037,0.296,0.148,0.296
1474,0000001473,0.074,0.037,0.333,0.259,0.296
1475,0000001474,0.444,0.0,0.148,0.259,0.148
1476,0000001475,0.407,0.037,0.111,0.111,0.333
1477,0000001476,0.222,0.0,0.333,0.037,0.407
1478,0000001477,0.148,0.0,0.333,0.037,0.481
1479,0000001478,0.37,0.074,0.222,0.148,0.185
1480,0000001479,0.333,0.148,0.148,0.037,0.333
1481,0000001480,0.481,0.074,0.111,0.148,0.185
1482,0000001481,0.222,0.111,0.185,0.111,0.37
1483,0000001482,0.444,0.037,0.148,0.111,0.259
1484,0000001483,0.37,0.074,0.259,0.148,0.148
1485,0000001484,0.444,0.074,0.185,0.074,0.222
1486,0000001485,0.296,0.0,0.296,0.074,0.333
1487,0000001486,0.481,0.037,0.259,0.0,0.222
1488,0000001487,0.37,0.074,0.222,0.111,0.222
1489,0000001488,0.259,0.111,0.222,0.148,0.259
1490,0000001489,0.259,0.0,0.111,0.185,0.444
1491,0000001490,0.37,0.037,0.148,0.037,0.407
1492,0000001491,0.407,0.037,0.148,0.074,0.333
1493,0000001492,0.259,0.037,0.259,0.222,0.222
1494,0000001493,0.407,0.037,0.148,0.111,0.296
1495,0000001494,0.259,0.074,0.222,0.074,0.37
1496,0000001495,0.333,0.037,0.222,0.222,0.185
1497,0000001496,0.222,0.0,0.222,0.222,0.333
1498,0000001497,0.37,0.0,0.259,0.148,0.222
1499,0000001498,0.444,0.111,0.111,0.111,0.222
1500,0000001499,0.148,0.037,0.593,0.074,0.148
1501,0000001500,0.333,0.111,0.074,0.148,0.333
1502,0000001501,0.519,0.037,0.148,0.074,0.222
1503,0000001502,0.296,0.037,0.074,0.222,0.37
1504,0000001503,0.259,0.037,0.185,0.037,0.481
1505,0000001504,0.333,0.037,0.148,0.037,0.444
1506,0000001505,0.444,0.037,0.222,0.074,0.222
1507,0000001506,0.37,0.074,0.222,0.037,0.296
1508,0000001507,0.407,0.0,0.148,0.0,0.444
1509,0000001508,0.37,0.037,0.222,0.185,0.185
1510,0000001509,0.259,0.037,0.074,0.111,0.259
1511,0000001510,0.407,0.111,0.111,0.037,0.333
1512,0000001511,0.296,0.148,0.074,0.111,0.37
1513,0000001512,0.259,0.037,0.185,0.185,0.333
1514,0000001513,0.185,0.037,0.185,0.259,0.333
1515,0000001514,0.259,0.111,0.259,0.111,0.259
1516,0000001515,0.296,0.074,0.148,0.222,0.259
1517,0000001516,0.259,0.074,0.148,0.074,0.444
1518,0000001517,0.519,0.0,0.185,0.148,0.148
1519,0000001518,0.259,0.037,0.148,0.259,0.296
1520,0000001519,0.296,0.074,0.185,0.074,0.37
1521,0000001520,0.333,0.111,0.185,0.148,0.222
1522,0000001521,0.333,0.0,0.296,0.074,0.296
1523,0000001522,0.296,0.111,0.074,0.148,0.37
1524,0000001523,0.296,0.0,0.37,0.111,0.222
1525,0000001524,0.259,0.0,0.407,0.0,0.333
1526,0000001525,0.37,0.037,0.074,0.185,0.333
1527,0000001526,0.222,0.0,0.259,0.185,0.333
1528,0000001527,0.333,0.0,0.111,0.111,0.444
1529,0000001528,0.222,0.074,0.481,0.074,0.148
1530,0000001529,0.333,0.037,0.111,0.222,0.296
1531,0000001530,0.407,0.074,0.185,0.148,0.185
1532,0000001531,0.222,0.037,0.185,0.222,0.333
1533,0000001532,0.259,0.037,0.111,0.185,0.407
1534,0000001533,0.407,0.0,0.259,0.148,0.185
1535,0000001534,0.37,0.0,0.222,0.148,0.259
1536,0000001535,0.296,0.0,0.222,0.111,0.37
1537,0000001536,0.333,0.074,0.222,0.185,0.185
1538,0000001537,0.63,0.074,0.037,0.111,0.148
1539,0000001538,0.407,0.111,0.074,0.148,0.259
1540,0000001539,0.333,0.111,0.222,0.037,0.296
1541,0000001540,0.185,0.0,0.259,0.111,0.111
1542,0000001541,0.333,0.111,0.111,0.037,0.407
1543,0000001542,0.148,0.037,0.148,0.148,0.519
1544,0000001543,0.333,0.037,0.074,0.148,0.407
1545,0000001544,0.37,0.148,0.111,0.074,0.296
1546,0000001545,0.148,0.074,0.481,0.074,0.222
1547,0000001546,0.296,0.0,0.222,0.222,0.259
1548,0000001547,0.556,0.185,0.037,0.0,0.222
1549,0000001548,0.296,0.148,0.185,0.037,0.333
1550,0000001549,0.185,0.111,0.148,0.185,0.37
1551,0000001550,0.333,0.074,0.074,0.111,0.407
1552,0000001551,0.407,0.037,0.111,0.148,0.296
1553,0000001552,0.259,0.074,0.074,0.074,0.519
1554,0000001553,0.407,0.074,0.259,0.222,0.037
1555,0000001554,0.407,0.0,0.111,0.148,0.333
1556,0000001555,0.407,0.0,0.111,0.185,0.296
1557,0000001556,0.519,0.0,0.074,0.074,0.333
1558,0000001557,0.333,0.185,0.111,0.111,0.259
1559,0000001558,0.556,0.111,0.074,0.074,0.185
1560,0000001559,0.222,0.037,0.185,0.111,0.444
1561,0000001560,0.333,0.074,0.148,0.111,0.333
1562,0000001561,0.37,0.111,0.148,0.185,0.185
1563,0000001562,0.296,0.222,0.148,0.222,0.111
1564,0000001563,0.259,0.074,0.222,0.148,0.296
1565,0000001564,0.185,0.037,0.481,0.148,0.148
1566,0000001565,0.296,0.037,0.185,0.185,0.296
1567,0000001566,0.481,0.037,0.148,0.037,0.296
1568,0000001567,0.111,0.0,0.333,0.0,0.556
1569,0000001568,0.222,0.148,0.296,0.222,0.111
1570,0000001569,0.185,0.0,0.185,0.259,0.37
1571,0000001570,0.407,0.037,0.111,0.185,0.259
1572,0000001571,0.407,0.037,0.074,0.222,0.259
1573,0000001572,0.37,0.074,0.111,0.148,0.296
1574,0000001573,0.333,0.111,0.185,0.111,0.259
1575,0000001574,0.333,0.111,0.111,0.222,0.222
1576,0000001575,0.333,0.148,0.074,0.185,0.259
1577,0000001576,0.333,0.037,0.333,0.074,0.222
1578,0000001577,0.185,0.0,0.185,0.185,0.444
1579,0000001578,0.296,0.0,0.148,0.259,0.296
1580,0000001579,0.407,0.074,0.222,0.074,0.222
1581,0000001580,0.481,0.037,0.111,0.074,0.296
1582,0000001581,0.259,0.074,0.222,0.111,0.333
1583,0000001582,0.37,0.074,0.037,0.222,0.296
1584,0000001583,0.296,0.074,0.148,0.111,0.37
1585,0000001584,0.556,0.0,0.148,0.074,0.222
1586,0000001585,0.333,0.0,0.259,0.074,0.333
1587,0000001586,0.556,0.037,0.222,0.074,0.111
1588,0000001587,0.296,0.0,0.259,0.185,0.259
1589,0000001588,0.296,0.074,0.296,0.074,0.259
1590,0000001589,0.296,0.111,0.296,0.111,0.185
1591,0000001590,0.259,0.074,0.259,0.148,0.259
1592,0000001591,0.37,0.111,0.074,0.111,0.333
1593,0000001592,0.296,0.074,0.074,0.259,0.296
1594,0000001593,0.185,0.074,0.148,0.148,0.444
1595,0000001594,0.37,0.111,0.148,0.111,0.259
1596,0000001595,0.444,0.037,0.111,0.222,0.185
1597,0000001596,0.296,0.111,0.185,0.111,0.296
1598,0000001597,0.407,0.074,0.185,0.111,0.222
1599,0000001598,0.296,0.074,0.148,0.111,0.37
1600,0000001599,0.222,0.111,0.259,0.185,0.222
1601,0000001600,0.259,0.037,0.296,0.0,0.407
1602,0000001601,0.407,0.037,0.185,0.148,0.222
1603,0000001602,0.444,0.0,0.148,0.185,0.222
1604,0000001603,0.444,0.074,0.148,0.111,0.222
1605,0000001604,0.481,0.0,0.148,0.037,0.333
1606,0000001605,0.519,0.0,0.222,0.037,0.222
1607,0000001606,0.37,0.037,0.185,0.185,0.222
1608,0000001607,0.259,0.074,0.222,0.074,0.37
1609,0000001608,0.333,0.037,0.148,0.111,0.37
1610,0000001609,0.444,0.0,0.222,0.148,0.185
1611,0000001610,0.333,0.0,0.259,0.148,0.259
1612,0000001611,0.185,0.0,0.111,0.481,0.222
1613,0000001612,0.37,0.074,0.074,0.148,0.333
1614,0000001613,0.444,0.0,0.148,0.148,0.259
1615,0000001614,0.185,0.148,0.259,0.148,0.259
1616,0000001615,0.37,0.037,0.148,0.074,0.37
1617,0000001616,0.333,0.111,0.148,0.185,0.222
1618,0000001617,0.407,0.111,0.185,0.074,0.222
1619,0000001618,0.222,0.111,0.148,0.037,0.481
1620,0000001619,0.407,0.0,0.148,0.111,0.333
1621,0000001620,0.37,0.111,0.148,0.111,0.259
1622,0000001621,0.333,0.111,0.222,0.148,0.185
1623,0000001622,0.444,0.037,0.074,0.074,0.37
1624,0000001623,0.296,0.111,0.222,0.222,0.148
1625,0000001624,0.444,0.037,0.148,0.185,0.185
1626,0000001625,0.37,0.111,0.148,0.148,0.222
1627,0000001626,0.259,0.0,0.185,0.222,0.333
1628,0000001627,0.407,0.074,0.148,0.074,0.296
1629,0000001628,0.259,0.222,0.259,0.037,0.222
1630,0000001629,0.37,0.074,0.148,0.148,0.259
1631,0000001630,0.296,0.0,0.222,0.333,0.148
1632,0000001631,0.259,0.037,0.222,0.148,0.333
1633,0000001632,0.222,0.222,0.185,0.074,0.296
1634,0000001633,0.185,0.037,0.37,0.111,0.296
1635,0000001634,0.37,0.074,0.185,0.037,0.333
1636,0000001635,0.259,0.037,0.222,0.148,0.333
1637,0000001636,0.444,0.037,0.296,0.074,0.148
1638,0000001637,0.407,0.074,0.148,0.259,0.111
1639,0000001638,0.259,0.037,0.037,0.0,0.259
1640,0000001639,0.296,0.222,0.111,0.148,0.222
1641,0000001640,0.296,0.074,0.185,0.037,0.407
1642,0000001641,0.37,0.074,0.148,0.222,0.185
1643,0000001642,0.333,0.0,0.111,0.148,0.407
1644,0000001643,0.444,0.111,0.074,0.111,0.259
1645,0000001644,0.296,0.0,0.037,0.111,0.556
1646,0000001645,0.259,0.111,0.111,0.148,0.37
1647,0000001646,0.259,0.037,0.111,0.074,0.519
1648,0000001647,0.407,0.0,0.148,0.222,0.222
1649,0000001648,0.407,0.037,0.185,0.074,0.296
1650,0000001649,0.259,0.037,0.148,0.148,0.407
1651,0000001650,0.259,0.037,0.259,0.259,0.185
1652,0000001651,0.407,0.148,0.111,0.111,0.222
1653,0000001652,0.185,0.148,0.185,0.111,0.37
1654,0000001653,0.37,0.074,0.148,0.185,0.222
1655,0000001654,0.222,0.074,0.333,0.222,0.148
1656,0000001655,0.222,0.074,0.148,0.148,0.407
1657,0000001656,0.37,0.148,0.111,0.037,0.333
1658,0000001657,0.444,0.037,0.074,0.222,0.222
1659,0000001658,0.37,0.037,0.037,0.259,0.296
1660,0000001659,0.185,0.037,0.333,0.111,0.333
1661,0000001660,0.481,0.185,0.185,0.037,0.111
1662,0000001661,0.259,0.111,0.222,0.185,0.222
1663,0000001662,0.222,0.037,0.407,0.0,0.333
1664,0000001663,0.37,0.0,0.185,0.148,0.296
1665,0000001664,0.37,0.0,0.296,0.111,0.222
1666,0000001665,0.259,0.148,0.185,0.111,0.296
1667,0000001666,0.333,0.111,0.259,0.037,0.259
1668,0000001667,0.259,0.111,0.074,0.037,0.519
1669,0000001668,0.37,0.074,0.259,0.111,0.185
1670,0000001669,0.333,0.037,0.333,0.0,0.111
1671,0000001670,0.296,0.0,0.148,0.185,0.37
1672,0000001671,0.333,0.148,0.222,0.037,0.259
1673,0000001672,0.444,0.111,0.074,0.111,0.259
1674,0000001673,0.333,0.111,0.185,0.148,0.222
1675,0000001674,0.296,0.0,0.185,0.333,0.185
1676,0000001675,0.519,0.0,0.111,0.074,0.296
1677,0000001676,0.407,0.074,0.185,0.111,0.222
1678,0000001677,0.407,0.0,0.222,0.111,0.259
1679,0000001678,0.296,0.111,0.148,0.148,0.296
1680,0000001679,0.593,0.037,0.259,0.0,0.111
1681,0000001680,0.259,0.074,0.222,0.111,0.333
1682,0000001681,0.074,0.037,0.222,0.333,0.333
1683,0000001682,0.111,0.0,0.296,0.148,0.444
1684,0000001683,0.333,0.037,0.111,0.185,0.333
1685,0000001684,0.333,0.074,0.222,0.148,0.222
1686,0000001685,0.185,0.0,0.259,0.37,0.185
1687,0000001686,0.333,0.037,0.148,0.185,0.296
1688,0000001687,0.407,0.074,0.222,0.037,0.259
1689,0000001688,0.481,0.148,0.148,0.0,0.222
1690,0000001689,0.37,0.037,0.111,0.111,0.37
1691,0000001690,0.111,0.074,0.37,0.296,0.148
1692,0000001691,0.407,0.111,0.148,0.037,0.296
1693,0000001692,0.37,0.037,0.111,0.222,0.259
1694,0000001693,0.185,0.037,0.185,0.0,0.148
1695,0000001694,0.222,0.074,0.259,0.111,0.333
1696,0000001695,0.259,0.037,0.148,0.148,0.407
1697,0000001696,0.148,0.0,0.185,0.37,0.296
1698,0000001697,0.185,0.148,0.111,0.074,0.481
1699,0000001698,0.148,0.074,0.111,0.037,0.63
1700,0000001699,0.333,0.074,0.185,0.185,0.222
1701,0000001700,0.259,0.148,0.222,0.185,0.185
1702,0000001701,0.333,0.111,0.111,0.074,0.37
1703,0000001702,0.37,0.037,0.111,0.148,0.333
1704,0000001703,0.444,0.111,0.185,0.0,0.259
1705,0000001704,0.259,0.074,0.185,0.185,0.296
1706,0000001705,0.333,0.0,0.074,0.185,0.407
1707,0000001706,0.296,0.0,0.185,0.185,0.333
1708,0000001707,0.111,0.0,0.444,0.333,0.111
1709,0000001708,0.222,0.037,0.259,0.148,0.333
1710,0000001709,0.111,0.0,0.148,0.148,0.593
1711,0000001710,0.259,0.074,0.222,0.222,0.222
1712,0000001711,0.481,0.037,0.074,0.111,0.296
1713,0000001712,0.222,0.0,0.222,0.111,0.444
1714,0000001713,0.37,0.074,0.148,0.185,0.222
1715,0000001714,0.259,0.185,0.185,0.185,0.185
1716,0000001715,0.333,0.111,0.111,0.111,0.333
1717,0000001716,0.111,0.0,0.444,0.222,0.222
1718,0000001717,0.407,0.037,0.185,0.185,0.185
1719,0000001718,0.222,0.111,0.111,0.111,0.444
1720,0000001719,0.296,0.148,0.259,0.074,0.222
1721,0000001720,0.37,0.148,0.074,0.037,0.37
1722,0000001721,0.333,0.0,0.259,0.185,0.222
1723,0000001722,0.222,0.111,0.148,0.185,0.333
1724,0000001723,0.481,0.037,0.111,0.185,0.185
1725,0000001724,0.37,0.148,0.111,0.259,0.111
1726,0000001725,0.296,0.074,0.185,0.148,0.296
1727,0000001726,0.185,0.074,0.148,0.185,0.407
1728,0000001727,0.185,0.185,0.259,0.111,0.259
1729,0000001728,0.222,0.111,0.185,0.148,0.333
1730,0000001729,0.407,0.037,0.111,0.074,0.37
1731,0000001730,0.222,0.037,0.111,0.222,0.407
1732,0000001731,0.111,0.111,0.148,0.296,0.333
1733,0000001732,0.111,0.0,0.37,0.185,0.333
1734,0000001733,0.444,0.185,0.074,0.074,0.222
1735,0000001734,0.63,0.074,0.074,0.074,0.148
1736,0000001735,0.333,0.111,0.148,0.0,0.407
1737,0000001736,0.333,0.037,0.148,0.111,0.37
1738,0000001737,0.37,0.148,0.148,0.037,0.296
1739,0000001738,0.259,0.0,0.074,0.111,0.556
1740,0000001739,0.37,0.074,0.296,0.148,0.111
1741,0000001740,0.333,0.037,0.222,0.148,0.259
1742,0000001741,0.407,0.037,0.185,0.148,0.222
1743,0000001742,0.222,0.0,0.259,0.185,0.333
1744,0000001743,0.333,0.037,0.185,0.296,0.148
1745,0000001744,0.444,0.074,0.185,0.148,0.148
1746,0000001745,0.111,0.185,0.259,0.037,0.407
1747,0000001746,0.556,0.0,0.148,0.074,0.222
1748,0000001747,0.37,0.074,0.074,0.074,0.407
1749,0000001748,0.37,0.037,0.148,0.222,0.222
1750,0000001749,0.222,0.074,0.296,0.148,0.259
1751,0000001750,0.407,0.111,0.111,0.111,0.259
1752,0000001751,0.296,0.074,0.111,0.296,0.222
1753,0000001752,0.444,0.037,0.111,0.037,0.37
1754,0000001753,0.37,0.111,0.111,0.148,0.259
1755,0000001754,0.37,0.074,0.148,0.222,0.185
1756,0000001755,0.333,0.074,0.111,0.222,0.259
1757,0000001756,0.296,0.111,0.148,0.111,0.333
1758,0000001757,0.37,0.0,0.37,0.037,0.222
1759,0000001758,0.296,0.074,0.259,0.111,0.259
1760,0000001759,0.296,0.111,0.111,0.0,0.481
1761,0000001760,0.37,0.0,0.148,0.074,0.407
1762,0000001761,0.37,0.0,0.185,0.148,0.296
1763,0000001762,0.296,0.0,0.296,0.037,0.37
1764,0000001763,0.481,0.037,0.185,0.074,0.222
1765,0000001764,0.074,0.074,0.074,0.407,0.37
1766,0000001765,0.444,0.037,0.037,0.148,0.333
1767,0000001766,0.667,0.0,0.222,0.0,0.111
1768,0000001767,0.37,0.111,0.111,0.148,0.259
1769,0000001768,0.37,0.037,0.148,0.111,0.333
1770,0000001769,0.296,0.0,0.148,0.111,0.444
1771,0000001770,0.111,0.037,0.259,0.222,0.37
1772,0000001771,0.333,0.037,0.185,0.111,0.333
1773,0000001772,0.444,0.0,0.074,0.296,0.185
1774,0000001773,0.444,0.0,0.074,0.111,0.37
1775,0000001774,0.37,0.037,0.111,0.037,0.222
1776,0000001775,0.296,0.037,0.074,0.296,0.296
1777,0000001776,0.259,0.0,0.333,0.296,0.111
1778,0000001777,0.296,0.074,0.074,0.074,0.481
1779,0000001778,0.185,0.0,0.222,0.222,0.37
1780,0000001779,0.444,0.037,0.185,0.148,0.185
1781,0000001780,0.296,0.111,0.185,0.111,0.296
1782,0000001781,0.407,0.111,0.111,0.185,0.185
1783,0000001782,0.333,0.0,0.148,0.185,0.333
1784,0000001783,0.333,0.111,0.259,0.037,0.259
1785,0000001784,0.259,0.111,0.148,0.296,0.185
1786,0000001785,0.259,0.0,0.185,0.185,0.37
1787,0000001786,0.37,0.111,0.074,0.074,0.37
1788,0000001787,0.481,0.0,0.185,0.037,0.296
1789,0000001788,0.333,0.074,0.111,0.148,0.333
1790,0000001789,0.222,0.0,0.185,0.148,0.444
1791,0000001790,0.259,0.037,0.296,0.074,0.333
1792,0000001791,0.296,0.111,0.148,0.296,0.148
1793,0000001792,0.296,0.0,0.185,0.111,0.407
1794,0000001793,0.259,0.074,0.185,0.111,0.37
1795,0000001794,0.185,0.111,0.481,0.037,0.185
1796,0000001795,0.111,0.037,0.185,0.185,0.481
1797,0000001796,0.222,0.185,0.148,0.111,0.333
1798,0000001797,0.407,0.0,0.148,0.259,0.185
1799,0000001798,0.185,0.037,0.185,0.037,0.556
1800,0000001799,0.407,0.037,0.111,0.111,0.333
1801,0000001800,0.222,0.0,0.111,0.074,0.593
1802,0000001801,0.519,0.0,0.111,0.074,0.296
1803,0000001802,0.296,0.037,0.185,0.0,0.296
1804,0000001803,0.333,0.111,0.222,0.074,0.259
1805,0000001804,0.407,0.111,0.111,0.074,0.296
1806,0000001805,0.444,0.037,0.185,0.185,0.148
1807,0000001806,0.333,0.074,0.148,0.148,0.296
1808,0000001807,0.296,0.111,0.111,0.148,0.333
1809,0000001808,0.333,0.037,0.296,0.185,0.148
1810,0000001809,0.407,0.111,0.074,0.259,0.148
1811,0000001810,0.407,0.037,0.111,0.148,0.296
1812,0000001811,0.148,0.222,0.185,0.259,0.185
1813,0000001812,0.37,0.0,0.074,0.148,0.407
1814,0000001813,0.222,0.0,0.185,0.037,0.556
1815,0000001814,0.296,0.074,0.074,0.148,0.407
1816,0000001815,0.444,0.037,0.185,0.074,0.259
1817,0000001816,0.333,0.0,0.259,0.222,0.185
1818,0000001817,0.296,0.111,0.148,0.111,0.333
1819,0000001818,0.333,0.074,0.111,0.074,0.407
1820,0000001819,0.148,0.037,0.148,0.111,0.556
1821,0000001820,0.407,0.037,0.185,0.148,0.222
1822,0000001821,0.296,0.0,0.185,0.185,0.333
1823,0000001822,0.333,0.0,0.111,0.148,0.407
1824,0000001823,0.296,0.074,0.148,0.111,0.37
1825,0000001824,0.222,0.185,0.185,0.185,0.222
1826,0000001825,0.259,0.148,0.185,0.074,0.333
1827,0000001826,0.333,0.037,0.185,0.185,0.259
1828,0000001827,0.296,0.111,0.185,0.148,0.259
1829,0000001828,0.444,0.037,0.148,0.074,0.296
1830,0000001829,0.481,0.074,0.074,0.222,0.148
1831,0000001830,0.444,0.037,0.222,0.111,0.185
1832,0000001831,0.407,0.0,0.111,0.074,0.407
1833,0000001832,0.333,0.0,0.222,0.111,0.333
1834,0000001833,0.296,0.074,0.37,0.037,0.222
1835,0000001834,0.333,0.074,0.296,0.185,0.111
1836,0000001835,0.333,0.0,0.222,0.185,0.259
1837,0000001836,0.259,0.111,0.259,0.111,0.259
1838,0000001837,0.185,0.0,0.333,0.222,0.259
1839,0000001838,0.333,0.0,0.222,0.111,0.333
1840,0000001839,0.444,0.074,0.111,0.111,0.259
1841,0000001840,0.407,0.074,0.111,0.222,0.185
1842,0000001841,0.259,0.074,0.259,0.185,0.222
1843,0000001842,0.593,0.0,0.148,0.037,0.222
1844,0000001843,0.333,0.037,0.111,0.074,0.444
1845,0000001844,0.259,0.185,0.111,0.111,0.333
1846,0000001845,0.37,0.111,0.185,0.185,0.148
1847,0000001846,0.259,0.037,0.185,0.037,0.481
1848,0000001847,0.222,0.148,0.259,0.185,0.185
1849,0000001848,0.296,0.111,0.148,0.185,0.259
1850,0000001849,0.296,0.148,0.148,0.111,0.296
1851,0000001850,0.259,0.074,0.296,0.111,0.259
1852,0000001851,0.296,0.037,0.111,0.296,0.259
1853,0000001852,0.37,0.111,0.333,0.074,0.111
1854,0000001853,0.037,0.148,0.111,0.148,0.556
1855,0000001854,0.407,0.037,0.037,0.0,0.519
1856,0000001855,0.407,0.074,0.185,0.185,0.148
1857,0000001856,0.333,0.037,0.222,0.074,0.333
1858,0000001857,0.185,0.074,0.296,0.148,0.296
1859,0000001858,0.259,0.074,0.185,0.074,0.407
1860,0000001859,0.296,0.111,0.185,0.0,0.185
1861,0000001860,0.222,0.0,0.259,0.074,0.444
1862,0000001861,0.148,0.111,0.296,0.259,0.185
1863,0000001862,0.444,0.074,0.148,0.148,0.185
1864,0000001863,0.556,0.0,0.185,0.074,0.185
1865,0000001864,0.259,0.185,0.185,0.148,0.222
1866,0000001865,0.481,0.037,0.074,0.074,0.333
1867,0000001866,0.407,0.111,0.148,0.074,0.259
1868,0000001867,0.407,0.074,0.148,0.185,0.185
1869,0000001868,0.333,0.111,0.111,0.111,0.333
1870,0000001869,0.259,0.111,0.148,0.111,0.37
1871,0000001870,0.259,0.111,0.074,0.222,0.333
1872,0000001871,0.407,0.0,0.111,0.148,0.333
1873,0000001872,0.444,0.037,0.222,0.111,0.185
1874,0000001873,0.296,0.148,0.111,0.222,0.222
1875,0000001874,0.222,0.074,0.333,0.111,0.259
1876,0000001875,0.444,0.074,0.148,0.148,0.185
1877,0000001876,0.37,0.111,0.111,0.148,0.259
1878,0000001877,0.296,0.074,0.148,0.185,0.296
1879,0000001878,0.259,0.0,0.074,0.593,0.074
1880,0000001879,0.37,0.148,0.111,0.185,0.185
1881,0000001880,0.259,0.074,0.111,0.111,0.444
1882,0000001881,0.333,0.111,0.148,0.074,0.333
1883,0000001882,0.222,0.0,0.296,0.259,0.222
1884,0000001883,0.333,0.111,0.222,0.074,0.259
1885,0000001884,0.259,0.0,0.148,0.185,0.407
1886,0000001885,0.407,0.074,0.111,0.037,0.37
1887,0000001886,0.37,0.037,0.222,0.148,0.222
1888,0000001887,0.222,0.185,0.148,0.259,0.185
1889,0000001888,0.407,0.074,0.185,0.074,0.259
1890,0000001889,0.148,0.148,0.222,0.074,0.407
1891,0000001890,0.333,0.0,0.185,0.111,0.37
1892,0000001891,0.259,0.074,0.333,0.222,0.111
1893,0000001892,0.185,0.148,0.259,0.185,0.222
1894,0000001893,0.407,0.037,0.185,0.148,0.222
1895,0000001894,0.222,0.037,0.185,0.185,0.37
1896,0000001895,0.185,0.074,0.333,0.037,0.37
1897,0000001896,0.37,0.037,0.185,0.111,0.296
1898,0000001897,0.37,0.037,0.185,0.111,0.296
1899,0000001898,0.296,0.037,0.296,0.259,0.111
1900,0000001899,0.407,0.037,0.111,0.111,0.333
1901,0000001900,0.37,0.185,0.222,0.0,0.222
1902,0000001901,0.37,0.0,0.148,0.074,0.407
1903,0000001902,0.407,0.074,0.185,0.111,0.222
1904,0000001903,0.259,0.074,0.185,0.148,0.333
1905,0000001904,0.222,0.148,0.185,0.111,0.333
1906,0000001905,0.407,0.148,0.185,0.037,0.222
1907,0000001906,0.407,0.037,0.259,0.148,0.148
1908,0000001907,0.296,0.074,0.259,0.259,0.111
1909,0000001908,0.481,0.037,0.148,0.074,0.259
1910,0000001909,0.37,0.074,0.185,0.074,0.296
1911,0000001910,0.148,0.111,0.296,0.259,0.185
1912,0000001911,0.296,0.037,0.333,0.185,0.148
1913,0000001912,0.333,0.074,0.185,0.111,0.296
1914,0000001913,0.333,0.148,0.148,0.074,0.296
1915,0000001914,0.222,0.074,0.111,0.185,0.407
1916,0000001915,0.519,0.037,0.259,0.074,0.111
1917,0000001916,0.185,0.185,0.185,0.074,0.37
1918,0000001917,0.333,0.074,0.111,0.185,0.296
1919,0000001918,0.259,0.037,0.148,0.111,0.444
1920,0000001919,0.37,0.0,0.111,0.148,0.37
1921,0000001920,0.444,0.074,0.148,0.111,0.222
1922,0000001921,0.407,0.111,0.185,0.148,0.148
1923,0000001922,0.481,0.074,0.074,0.222,0.148
1924,0000001923,0.37,0.074,0.111,0.111,0.333
1925,0000001924,0.37,0.0,0.148,0.222,0.259
1926,0000001925,0.37,0.0,0.148,0.222,0.259
1927,0000001926,0.37,0.074,0.111,0.148,0.296
1928,0000001927,0.259,0.074,0.185,0.111,0.37
1929,0000001928,0.407,0.074,0.111,0.111,0.296
1930,0000001929,0.333,0.074,0.037,0.185,0.37
1931,0000001930,0.333,0.074,0.185,0.111,0.296
1932,0000001931,0.37,0.037,0.222,0.185,0.185
1933,0000001932,0.481,0.074,0.148,0.074,0.222
1934,0000001933,0.37,0.148,0.185,0.111,0.185
1935,0000001934,0.333,0.0,0.185,0.148,0.333
1936,0000001935,0.111,0.0,0.444,0.074,0.37
1937,0000001936,0.556,0.037,0.222,0.037,0.148
1938,0000001937,0.259,0.037,0.185,0.074,0.444
1939,0000001938,0.296,0.148,0.148,0.111,0.296
1940,0000001939,0.333,0.074,0.111,0.037,0.444
1941,0000001940,0.333,0.037,0.148,0.259,0.222
1942,0000001941,0.444,0.074,0.222,0.148,0.111
1943,0000001942,0.481,0.0,0.111,0.074,0.333
1944,0000001943,0.37,0.037,0.148,0.222,0.222
1945,0000001944,0.074,0.185,0.148,0.222,0.37
1946,0000001945,0.37,0.037,0.185,0.111,0.296
1947,0000001946,0.222,0.0,0.222,0.222,0.333
1948,0000001947,0.407,0.074,0.111,0.148,0.259
1949,0000001948,0.333,0.074,0.185,0.148,0.259
1950,0000001949,0.333,0.111,0.148,0.037,0.37
1951,0000001950,0.259,0.074,0.37,0.111,0.185
1952,0000001951,0.259,0.111,0.259,0.222,0.148
1953,0000001952,0.481,0.037,0.185,0.148,0.148
1954,0000001953,0.259,0.074,0.222,0.259,0.185
1955,0000001954,0.296,0.185,0.222,0.222,0.074
1956,0000001955,0.222,0.148,0.148,0.259,0.222
1957,0000001956,0.519,0.037,0.074,0.111,0.259
1958,0000001957,0.481,0.0,0.259,0.037,0.222
1959,0000001958,0.333,0.074,0.259,0.074,0.259
1960,0000001959,0.259,0.074,0.222,0.259,0.185
1961,0000001960,0.333,0.0,0.222,0.148,0.296
1962,0000001961,0.333,0.222,0.185,0.111,0.148
1963,0000001962,0.37,0.111,0.037,0.148,0.333
1964,0000001963,0.481,0.0,0.111,0.0,0.407
1965,0000001964,0.259,0.074,0.259,0.111,0.296
1966,0000001965,0.296,0.148,0.074,0.148,0.333
1967,0000001966,0.296,0.185,0.222,0.074,0.222
1968,0000001967,0.444,0.0,0.037,0.111,0.407
1969,0000001968,0.407,0.037,0.148,0.259,0.148
1970,0000001969,0.296,0.148,0.074,0.074,0.407
1971,0000001970,0.148,0.037,0.185,0.074,0.556
1972,0000001971,0.296,0.074,0.148,0.185,0.296
1973,0000001972,0.296,0.0,0.185,0.185,0.111
1974,0000001973,0.481,0.0,0.074,0.222,0.222
1975,0000001974,0.519,0.111,0.111,0.148,0.111
1976,0000001975,0.333,0.0,0.111,0.259,0.296
1977,0000001976,0.296,0.111,0.185,0.074,0.333
1978,0000001977,0.296,0.148,0.111,0.111,0.333
1979,0000001978,0.333,0.111,0.148,0.037,0.37
1980,0000001979,0.481,0.111,0.111,0.148,0.148
1981,0000001980,0.481,0.0,0.037,0.37,0.111
1982,0000001981,0.519,0.0,0.333,0.037,0.111
1983,0000001982,0.407,0.0,0.259,0.185,0.148
1984,0000001983,0.519,0.074,0.148,0.148,0.111
1985,0000001984,0.333,0.0,0.148,0.074,0.444
1986,0000001985,0.37,0.037,0.333,0.148,0.111
1987,0000001986,0.407,0.074,0.222,0.074,0.222
1988,0000001987,0.333,0.148,0.185,0.074,0.259
1989,0000001988,0.407,0.148,0.148,0.111,0.185
1990,0000001989,0.259,0.037,0.296,0.185,0.222
1991,0000001990,0.074,0.0,0.074,0.778,0.074
1992,0000001991,0.481,0.0,0.148,0.111,0.259
1993,0000001992,0.407,0.111,0.185,0.037,0.259
1994,0000001993,0.333,0.0,0.148,0.185,0.333
1995,0000001994,0.333,0.0,0.185,0.222,0.259
1996,0000001995,0.37,0.0,0.074,0.148,0.407
1997,0000001996,0.259,0.074,0.296,0.148,0.222
1998,0000001997,0.296,0.0,0.037,0.444,0.222
1999,0000001998,0.333,0.0,0.074,0.037,0.556
2000,0000001999,0.296,0.074,0.259,0.148,0.222
2001,0000002000,0.259,0.148,0.111,0.185,0.296
2002,0000002001,0.481,0.111,0.074,0.037,0.296
2003,0000002002,0.333,0.037,0.185,0.148,0.296
2004,0000002003,0.333,0.0,0.111,0.259,0.296
2005,0000002004,0.519,0.037,0.074,0.0,0.37
2006,0000002005,0.481,0.037,0.185,0.074,0.222
2007,0000002006,0.296,0.0,0.222,0.296,0.185
2008,0000002007,0.333,0.0,0.185,0.296,0.185
2009,0000002008,0.37,0.148,0.185,0.185,0.111
2010,0000002009,0.148,0.111,0.407,0.148,0.185
2011,0000002010,0.259,0.0,0.37,0.074,0.296
2012,0000002011,0.296,0.074,0.222,0.185,0.222
2013,0000002012,0.333,0.111,0.148,0.037,0.37
2014,0000002013,0.481,0.074,0.259,0.037,0.148
2015,0000002014,0.37,0.074,0.148,0.148,0.259
2016,0000002015,0.296,0.037,0.333,0.222,0.111
2017,0000002016,0.111,0.111,0.296,0.185,0.296
2018,0000002017,0.481,0.111,0.111,0.074,0.222
2019,0000002018,0.074,0.0,0.593,0.148,0.185
2020,0000002019,0.222,0.074,0.333,0.148,0.222
2021,0000002020,0.333,0.074,0.185,0.074,0.333
2022,0000002021,0.407,0.037,0.037,0.148,0.37
2023,0000002022,0.407,0.111,0.185,0.037,0.259
2024,0000002023,0.556,0.074,0.074,0.074,0.222
2025,0000002024,0.407,0.185,0.185,0.074,0.148
2026,0000002025,0.444,0.074,0.148,0.074,0.259
2027,0000002026,0.407,0.074,0.037,0.148,0.333
2028,0000002027,0.259,0.148,0.259,0.185,0.148
2029,0000002028,0.37,0.074,0.111,0.074,0.37
2030,0000002029,0.37,0.074,0.037,0.222,0.296
2031,0000002030,0.259,0.037,0.222,0.185,0.296
2032,0000002031,0.333,0.074,0.148,0.222,0.222
2033,0000002032,0.37,0.0,0.259,0.111,0.259
2034,0000002033,0.296,0.0,0.148,0.185,0.37
2035,0000002034,0.185,0.074,0.222,0.296,0.222
2036,0000002035,0.37,0.074,0.074,0.222,0.259
2037,0000002036,0.259,0.037,0.296,0.074,0.333
2038,0000002037,0.407,0.037,0.185,0.111,0.259
2039,0000002038,0.593,0.037,0.148,0.111,0.111
2040,0000002039,0.519,0.0,0.148,0.111,0.222
2041,0000002040,0.259,0.074,0.185,0.185,0.296
2042,0000002041,0.222,0.111,0.185,0.074,0.407
2043,0000002042,0.333,0.0,0.185,0.148,0.333
2044,0000002043,0.296,0.037,0.222,0.185,0.259
2045,0000002044,0.148,0.111,0.185,0.185,0.37
2046,0000002045,0.222,0.074,0.148,0.037,0.519
2047,0000002046,0.296,0.0,0.259,0.148,0.296
2048,0000002047,0.407,0.037,0.222,0.111,0.222
2049,0000002048,0.296,0.037,0.185,0.074,0.407
2050,0000002049,0.37,0.0,0.296,0.148,0.185
2051,0000002050,0.333,0.0,0.259,0.222,0.185
2052,0000002051,0.481,0.037,0.148,0.0,0.333
2053,0000002052,0.407,0.0,0.185,0.37,0.037
2054,0000002053,0.444,0.0,0.111,0.259,0.185
2055,0000002054,0.222,0.0,0.296,0.259,0.222
2056,0000002055,0.37,0.037,0.185,0.148,0.259
2057,0000002056,0.333,0.074,0.148,0.185,0.259
2058,0000002057,0.481,0.037,0.111,0.185,0.185
2059,0000002058,0.444,0.0,0.148,0.074,0.333
2060,0000002059,0.37,0.148,0.222,0.074,0.185
2061,0000002060,0.37,0.0,0.222,0.148,0.259
2062,0000002061,0.185,0.037,0.259,0.185,0.333
2063,0000002062,0.63,0.074,0.074,0.037,0.185
2064,0000002063,0.333,0.037,0.259,0.148,0.222
2065,0000002064,0.333,0.0,0.259,0.074,0.333
2066,0000002065,0.222,0.0,0.185,0.111,0.481
2067,0000002066,0.259,0.0,0.296,0.185,0.259
2068,0000002067,0.37,0.037,0.148,0.259,0.185
